Jurisdiction,Sewershed ID,Reporting Jurisdiction,County,Population Served,Current virus levels in wastewater by site (in %),Percent change in the last 15 days ,Percent of wastewater samples with detectable virus 
Alabama,2629,Alabama,Lee,70000,59,-53,100
Alabama,2916,Alabama,Sumter,4000,44.33,N/A,100
Alabama,2917,Alabama,Tuscaloosa,12278,67.6,N/A,100
Alabama,2925,Alabama,Macon,3653,67.6,N/A,100
Alabama,2926,Alabama,Dallas,19000,41.4,N/A,100
Alabama,2937,Alabama,Randolph,5311,75.6,N/A,100
Alabama,1716,Alabama,Jefferson,30000,62,-21,60
Alabama,2875,Alabama,Marshall,18280,86.6,N/A,100
Alabama,2877,Alabama,Morgan,50772,68.75,N/A,100
Alabama,2878,Alabama,Madison,46000,82.2,N/A,100
Alabama,2924,Alabama,Pike,20000,19.25,N/A,100
Alabama,1718,Alabama,Jefferson,225000,58.29,26,100
Alabama,1719,Alabama,Jefferson,200000,46,-19,100
Alabama,2923,Alabama,Barbour,14000,50,N/A,100
Alabama,2510,Alabama,Colbert,18000,56.6,12,100
Alabama,2876,Alabama,Calhoun,22600,81.2,N/A,100
Alabama,1664,Alabama,Jefferson,95000,66.67,-6,100
Alabama,1893,Alabama,Jefferson,77000,42.71,15,100
Alaska,1172,Alaska,Anchorage,220000,42,-100,50
Alaska,1490,Alaska,Juneau,12000,24,-74,100
Alaska,2609,Alaska,Anchorage,220000,41,-4,100
Alaska,2633,Alaska,Anchorage,23000,51.2,-39,100
Alaska,2844,Alaska,Fairbanks North Star,92000,50.4,69,100
Alaska,1491,Alaska,Juneau,22000,N/A,N/A,N/A
Arizona,1053,Arizona,Yuma,8271,46,2833,67
Arizona,1055,Arizona,Yuma,8271,66.2,-99,100
Arizona,1212,Arizona,Maricopa,12542,32.2,1759381,100
Arizona,1271,Arizona,Pima,23000,31.75,105,100
Arizona,808,Arizona,Mohave,37500,21,198,100
Arizona,1057,Arizona,Yuma,4508,56,-100,100
Arizona,1059,Arizona,Yuma,18039,48,229633,100
Arizona,1212,Arizona,Maricopa,53578,45.6,-100,100
Arizona,1212,Arizona,Maricopa,17280,44.2,-100,50
Arizona,1212,Arizona,Maricopa,9430,54,31927638,100
Arizona,1212,Arizona,Maricopa,9848,38.6,-96,100
Arizona,2524,Arizona,Maricopa,19260,38.6,-85,100
Arizona,2828,Arizona,Coconino,46000,16.6,-18,100
Arizona,2918,Arizona,La Paz,3400,54.75,-99,67
Arizona,501,Arizona,La Paz,3500,56.5,-87,100
Arizona,715,Arizona,Pima,397407,28.6,-20,100
Arizona,1056,Arizona,Yuma,8928,43,-92,33
Arizona,1212,Arizona,Maricopa,23746,33.8,-100,50
Arizona,1212,Arizona,Maricopa,88521,19.4,-92,100
Arizona,1212,Arizona,Maricopa,64521,21.6,21,100
Arizona,1212,Arizona,Maricopa,6500,50.2,-100,100
Arizona,1382,Arizona,Maricopa,50000,16.2,55,100
Arizona,1383,Arizona,Maricopa,2400000,26.6,19,100
Arizona,2523,Arizona,Maricopa,130000,22.2,-80,100
Arizona,2829,Arizona,Coconino,80000,33,78,100
Arizona,590,Arizona,Pima,347900,44.6,152,100
Arkansas,1542,Arkansas,Pulaski,30377,39.5,23,100
Arkansas,2631,Arkansas,Greene,25000,27.4,9018,75
Arkansas,2686,Arkansas,Garland,38000,35.25,-15,100
Arkansas,1546,Arkansas,Pulaski,18463,63.25,67,100
Arkansas,2588,Arkansas,Boone,14000,33,-98,100
Arkansas,2588,Arkansas,Boone,15000,45.43,-20,100
Arkansas,446,Arkansas,Pulaski,32043,26.25,-48,100
Arkansas,1543,Arkansas,Pulaski,23812,25.75,-87,100
Arkansas,2507,Arkansas,Benton,19000,82.33,-100,100
California,1668,California,Contra Costa,495000,14,14,100
California,1695,California,Marin,30000,16.4,192,100
California,1720,California,Contra Costa,102000,32,212,100
California,2638,California,El Dorado,30000,25,-79,100
California,2680,California,Sonoma,237800,19.6,24,100
California,2685,California,San Luis Obispo,15000,35,14,100
California,2864,California,Solano,155000,25.4,107,100
California,2874,California,Stanislaus,230000,67.4,136,100
California,2888,California,Santa Cruz,94000,16.8,-64,100
California,2890,California,Santa Cruz,70000,11,-16,100
California,1524,California,Plumas,4217,N/A,N/A,N/A
California,211,California,Los Angeles,3500000,44,N/A,100
California,2330,California,Santa Barbara,77600,26.25,N/A,100
California,2338,California,Butte,44000,N/A,N/A,N/A
California,2411,California,Butte,101299,N/A,N/A,N/A
California,1869,California,Riverside,350000,39.43,-6,100
California,2743,California,Shasta,29000,22.33,40,80
California,2745,California,Santa Barbara,97000,36.71,11,100
California,2783,California,Los Angeles,3500000,32.14,7,100
California,305,California,Santa Clara,236000,14.4,-5,100
California,363,California,San Francisco; San Mateo,750000,37.86,-3,93
California,2487,California,Monterey,16000,32.4,-98,100
California,2526,California,Ventura,250000,53.2,64,100
California,2590,California,Alameda,60000,30.6,-81,100
California,2594,California,San Luis Obispo,39000,43,-99,100
California,2623,California,Santa Cruz,12000,20,-86,67
California,2889,California,Santa Cruz,164000,7.4,-40,100
California,1019,California,Lake,13200,18.75,N/A,100
California,158,California,Fresno,650000,N/A,N/A,N/A
California,1640,California,Napa,20256,19,392,100
California,2296,California,Contra Costa,218281,N/A,N/A,N/A
California,2421,California,Placer,108444,23,N/A,100
California,357,California,San Diego,2200000,4,-100,67
California,59,California,Kern,168750,N/A,N/A,N/A
California,1690,California,Los Angeles,4000000,38.29,-6,100
California,1703,California,Marin,53000,23,21,100
California,1885,California,San Luis Obispo,31037,27.14,3,100
California,1910,California,Stanislaus,86000,46.71,20,100
California,1911,California,Solano,121000,26.43,30,100
California,1593,California,San Luis Obispo,6031,60.6,-46,100
California,1712,California,San Mateo,27000,33,53,100
California,2490,California,Los Angeles; Ventura,75000,51.4,-37,100
California,2536,LA County,Los Angeles,200000,53.6,-49,100
California,2537,California,Monterey; Santa Cruz,60000,25.2,-32,100
California,2741,California,Nevada,13754,10.6,-24,75
California,834,California,Riverside,91980,55.6,-20,100
California,1188,California,Ventura,250000,15.67,-49,100
California,2361,California,Humboldt,45000,N/A,N/A,N/A
California,2370,California,San Luis Obispo,47545,24.5,N/A,100
California,2397,California,Shasta,60000,N/A,N/A,N/A
California,299,California,Orange,1800000,N/A,N/A,N/A
California,363,California,San Francisco,9923,40.33,N/A,100
California,363,California,San Mateo; San Francisco,66446,35.33,N/A,100
California,363,California,San Mateo; San Francisco,750000,N/A,N/A,N/A
California,1669,California,Marin,104250,37.25,43,100
California,1713,California,Napa,83300,40.14,-16,100
California,1888,California,Sonoma,230000,53,-21,100
California,1904,California,San Bernardino,890000,34.86,-12,100
California,1913,California,Yolo,59000,29.14,-36,100
California,1946,California,Santa Clara,153000,13.4,-14,100
California,2719,California,Yolo,68000,19.43,-9,100
California,2746,California,Placer,130000,31.33,-3,100
California,2892,California,Sacramento,1480000,19.27,-6,100
California,352,California,Santa Clara,110338,15.67,3,100
California,362,California,San Francisco; San Mateo,250000,14,-10,100
California,1711,California,Marin,18000,35.2,142,100
California,2669,California,San Luis Obispo,14465,42.75,-66,100
California,2825,California,San Mateo,150000,40,40,100
California,2831,California,San Joaquin,68000,30.25,597,100
California,2869,California,Mono,8200,61.6,-87,100
California,2870,California,San Joaquin,29000,47.6,104,100
California,2871,California,San Benito,43000,48.2,-71,100
California,215,California,Los Angeles; Ventura,4000000,11,-99,100
California,2396,California,Sutter,70000,49.5,N/A,100
California,2436,California,Del Norte,15372,N/A,N/A,N/A
California,2636,California,Placer; El Dorado; Nevada,50000,N/A,N/A,N/A
California,356,California,San Bernardino,325000,27.5,N/A,100
California,363,California,San Francisco,3882,N/A,N/A,N/A
California,363,California,San Francisco,11738,18,N/A,100
California,363,California,San Francisco,6308,N/A,N/A,N/A
California,363,California,San Francisco,4416,N/A,N/A,N/A
California,88,California,Contra Costa,487300,40,2147483647,100
California,1372,California,Merced,91000,13.86,-15,100
California,1678,California,Santa Cruz,160000,14.33,9,80
California,1872,California,Alameda,229476,36.4,-24,100
California,1892,California,San Diego,2200000,14.2,8,100
California,1896,California,Santa Barbara,69290,36.29,-6,100
California,1898,California,Monterey,262000,18.5,-8,100
California,2406,California,Santa Cruz,60000,20,-5,100
California,353,California,Santa Clara,1500000,15,-2,100
California,393,California,San Mateo,199000,17.64,-7,100
California,834,California,Riverside,91765,44.63,-3,100
Colorado,116,Colorado,El Paso,102204,33.4,642,100
Colorado,117,Colorado,El Paso,303855,31.25,45120,67
Colorado,408,Colorado,Summit,35643,46.8,15,100
Colorado,49,Colorado,Arapahoe; Adams,268004,26,429,100
Colorado,656,Colorado,La Plata,23429,46.2,-97,75
Colorado,66,Colorado,Boulder,89383,28.2,-53,100
Colorado,1591,Colorado,Otero,29643,41,49,100
Colorado,161,Colorado,Garfield,16714,42.4,-42,100
Colorado,163,Colorado,Weld,83319,28,595,100
Colorado,251,Colorado,Jefferson,345454,41.4,-89,100
Colorado,372,Colorado,Arapahoe,247443,31,-88,100
Colorado,252,Colorado,Denver,709904,52.2,-59,100
Colorado,329,Colorado,Pueblo,96515,41,450,100
Colorado,396,Colorado,San Miguel,15000,34.4,100,100
Colorado,1902,Colorado,Douglas,25000,36.86,-5,100
Colorado,2693,Colorado,Weld,40071,33,-22,100
Colorado,2936,Colorado,Douglas,60571,21,339,100
Colorado,47,Colorado,Pitkin,5500,36.5,141,100
Colorado,576,Colorado,Routt,43741,29,-45,100
Colorado,737,Colorado,Alamosa,18364,15.8,520,100
Colorado,751,Colorado,Mesa,89286,32.6,-18,100
Colorado,1901,Colorado,Douglas,35000,41.86,-7,100
Connecticut,2645,Connecticut,Fairfield,52268,52.8,-82,100
Connecticut,686,Connecticut,New Haven,115000,61,-53,100
Connecticut,2603,Connecticut,Fairfield,140000,36.29,8,100
Connecticut,2486,Connecticut,Fairfield,45878,38.2,-87,100
Connecticut,806,Connecticut,Fairfield,85000,72.2,97,100
Connecticut,2733,Connecticut,Fairfield,72914,31.8,-12,100
Connecticut,771,Connecticut,Fairfield,140000,68,-4,100
Connecticut,2650,Connecticut,New London,41000,70.2,-99,100
Connecticut,534,Connecticut,Fairfield,100000,68.2,-48,100
Connecticut,832,Connecticut,New London,40000,88.8,808,100
Delaware,1183,Delaware,Sussex,7000,54,-23,100
Delaware,1185,Delaware,Sussex,4392,66,29,100
Delaware,1187,Delaware,New Castle,17145,73.2,-84,100
Delaware,1192,Delaware,Sussex,7000,70.2,147,100
Delaware,1194,Delaware,New Castle,539000,62.2,350,100
Delaware,1930,Delaware,Sussex,13172,78.71,9,100
Delaware,1184,Delaware,Kent,130000,75.2,-87,100
Delaware,1186,Delaware,Sussex,4050,71.4,-75,100
Delaware,1191,Delaware,Sussex,75000,46.2,-8,100
District of Columbia,2781,District of Columbia,Arlington; District Of Columbia; Loudoun; Montgomery; Prince Georges; Fairfax,1600000,62,-51,100
Florida,1631,Florida,Orange,80000,26.6,14,100
Florida,1715,Florida,Orange,463672,29.4,-15,100
Florida,781,Florida,Miami-Dade,900000,47.4,27,100
Florida,1631,Florida,Orange,50000,33.6,132,100
Florida,2919,Florida,Broward,22417,33,-96,100
Florida,669,Florida,Orange,277823,37.4,-77,100
Florida,1631,Florida,Orange,50000,28.83,13,100
Florida,2359,Florida,Pinellas,47790,38.8,14,100
Florida,1686,Florida,Orange,277823,38.4,-21,100
Florida,1702,Florida,Orange,59587,34.4,64,100
Florida,2637,Florida,Palm Beach; Martin,100000,54.4,82,100
Florida,2692,Florida,Sarasota,100000,28.5,122,100
Florida,1392,Florida,Hillsborough,180000,26.4,-62,100
Florida,1501,Florida,Alachua,100000,59,-80,100
Florida,2327,Florida,Leon,212065,45.8,31,100
Florida,2851,Florida,Alachua,100000,48,-99,100
Florida,2911,Florida,Broward,139856,61.5,-45,100
Florida,1897,Florida,Palm Beach,90000,38.29,-8,100
Florida,2503,Florida,Escambia,207000,46.5,-23,100
Florida,2587,Florida,Orange; Seminole,95000,29.6,28,100
Florida,711,Florida,Miami-Dade,750000,36,28,100
Florida,1502,Florida,Alachua,100000,45.33,-98,100
Florida,2769,Florida,Saint Johns,14000,31.2,-63,100
Florida,2934,Florida,Palm Beach,300000,40.8,27,100
Florida,511,Florida,Pinellas,103000,54.8,-94,100
Florida,670,Florida,Orange,59587,27.8,951,100
Florida,671,Florida,Orange,463672,32.2,-87,100
Florida,1686,Florida,Orange,195299,24.67,9,100
Florida,1715,Florida,Orange,183009,37.33,-26,100
Florida,2327,Florida,Leon,212065,44,20,100
Florida,2358,Florida,Pinellas,89847,23,-14,100
Florida,1606,Florida,Lee,76800,35.6,-49,100
Florida,1735,Florida,Seminole; Orange,51000,20.6,-75,100
Florida,2422,Florida,Pinellas,220000,38.4,-37,100
Florida,2935,Florida,Volusia,45185,34.8,109,100
Florida,1702,Florida,Orange; Pinellas,94218,28.4,-17,100
Florida,1840,Florida,Miami-Dade,776150,30.57,-31,100
Florida,1868,Florida,Miami-Dade,829725,15.5,-10,100
Georgia,2702,Georgia,Richmond,198000,75,-74,100
Georgia,2707,Georgia,Houston,120000,29.75,N/A,100
Georgia,2715,Georgia,Clayton,123715,41,-100,100
Georgia,1697,Georgia,Fulton,12818,44.29,-12,100
Georgia,2698,Georgia,Forsyth,36500,45.6,169,100
Georgia,2703,Georgia,Cobb,190000,62.6,148,100
Georgia,2705,Georgia,Paulding,8000,38.2,-98,100
Georgia,2706,Georgia,Floyd,75000,79.6,N/A,100
Georgia,2710,Georgia,Cobb,190000,55.8,2457,100
Georgia,2862,Georgia,Peach,8008,57.2,2147483647,100
Georgia,1663,Georgia,Fulton,189593,57.86,-16,100
Georgia,2696,Georgia,Dougherty,50000,N/A,N/A,N/A
Georgia,2699,Georgia,Gwinnett,650000,18.2,2644,100
Georgia,2709,Georgia,Douglas,180000,61.25,-40,100
Georgia,1666,Georgia,Fulton,73821,53.14,3,100
Georgia,1740,Georgia,Fulton,294660,45.14,35,100
Georgia,1741,Georgia,Fulton,105160,41.71,19,100
Georgia,1742,Georgia,Fulton,70887,59.86,-11,100
Georgia,2704,Georgia,Clarke,60000,56.33,-83,100
Georgia,2713,Georgia,Paulding,10000,40.2,1707,100
Georgia,2716,Georgia,Newton,32000,45.8,9095,100
Georgia,1692,Georgia,Fulton,84486,62,4,100
Georgia,1714,Georgia,Chattahoochee; Muscogee,278000,65.8,-35,100
Hawaii,2484,Hawaii,Hawaii,32604,16.6,-11,100
Hawaii,2668,Hawaii,Honolulu,340000,27.6,-52,100
Hawaii,2297,Hawaii,Honolulu,300000,14.5,16,100
Hawaii,2299,Hawaii,Honolulu,390000,16.5,3,100
Hawaii,2610,Hawaii,Honolulu,101000,31,-54,100
Hawaii,2675,Hawaii,Honolulu,47000,27.6,22,100
Hawaii,1175,Hawaii,Maui,50700,32.6,-36,100
Hawaii,1205,Hawaii,Maui,46800,24.6,-71,100
Hawaii,2674,Hawaii,Honolulu,19000,31.4,-40,100
Hawaii,2679,Hawaii,Maui,58900,24.4,1884,100
Hawaii,2672,Hawaii,Honolulu,400000,23,-18,100
Idaho,2824,Idaho,Latah,25500,38.5,-45,100
Idaho,2863,Idaho,Ada,195813,32.8,-25,100
Idaho,1842,Idaho,Ada,186901,32,-3,100
Idaho,1879,Idaho,Kootenai,50540,50.33,-10,100
Idaho,813,Idaho,Ada,108556,28.86,-2,100
Idaho,2846,Idaho,Ada,105893,46.8,104,100
Illinois,1816,Illinois,Madison,26000,22.5,2147483647,50
Illinois,1943,Illinois,Sangamon,102000,43,-46,100
Illinois,2841,Illinois,Kane,143088,69.6,7,100
Illinois,2842,Illinois,Kane,25766,68,-77,100
Illinois,2946,Illinois,Coles,17000,new site,119538669,100
Illinois,603,Illinois,Kane,11290,48.6,-89,100
Illinois,606,Illinois,Saint Clair,26150,38,-3,100
Illinois,607,Illinois,Boone,25134,27,-98,75
Illinois,611,Illinois,Fulton,13506,50.5,-83,100
Illinois,612,Illinois,Greene,3064,36,-90,25
Illinois,620,Illinois,Macon,88500,31.2,-88,100
Illinois,632,Illinois,Cook,270647,31.8,-99,100
Illinois,633,Illinois,Warren,10836,48.8,-37,100
Illinois,642,Illinois,Du Page,164781,29,-68,100
Illinois,699,Illinois,Tazewell,32540,30.4,-18,100
Illinois,871,Illinois,La Salle,18768,30.5,-91,100
Illinois,981,Illinois,De Kalb,45000,35.25,-80,100
Illinois,1721,Illinois,Du Page,63000,61.71,-8,100
Illinois,1243,Illinois,Du Page,76324,27.6,233,75
Illinois,1527,Illinois,Kendall,13477,38.5,414,100
Illinois,1610,Illinois,Washington,3425,58,-85,100
Illinois,1817,Illinois,Iroquois,4700,61.4,-79,100
Illinois,1847,Illinois,Du Page,65000,46.8,-79,100
Illinois,2126,Illinois,Perry,6448,39.75,-98,67
Illinois,2306,Illinois,Champaign,52000,39,-99,100
Illinois,605,Illinois,Saint Clair,26150,32.75,-99,100
Illinois,615,Illinois,Randolph,6814,45.4,-98,100
Illinois,619,Illinois,Vermilion,30479,39.8,-53,100
Illinois,625,Illinois,Jo Daviess,3460,44.2,-99,75
Illinois,631,Illinois,Mcdonough,15052,26,-84,75
Illinois,638,Illinois,Cook,1127737,34.6,-97,100
Illinois,645,Illinois,Lake,126629,47.8,-94,100
Illinois,647,Illinois,Peoria,131000,31,-63,100
Illinois,655,Illinois,Champaign,91041,31.2,-93,100
Illinois,674,Chicago,Cook,721207,79.8,122,100
Illinois,675,Chicago,Cook,29370,84.6,70,100
Illinois,675,Chicago,Cook,83455,67.2,1659,100
Illinois,697,Illinois,Rock Island,25202,33.75,-100,67
Illinois,698,Illinois,Rock Island,43768,53,-83,100
Illinois,894,Illinois,Lee,15115,55.2,183,100
Illinois,1100,Illinois,Du Page,40438,53.75,-88,100
Illinois,1247,Illinois,Lake,80000,43,-99,100
Illinois,1316,Illinois,Will,50458,39.25,-98,100
Illinois,1326,Illinois,Saint Clair,85593,44.5,-96,100
Illinois,1586,Illinois,Mchenry,15360,63.2,11,100
Illinois,1609,Illinois,Du Page,45000,38,-29,100
Illinois,1848,Illinois,Du Page,83772,44.6,-97,100
Illinois,1849,Illinois,Mchenry,10240,52,-98,100
Illinois,1944,Illinois,Sangamon,50000,35.2,-99,75
Illinois,2843,Illinois,Kane,44703,53,-96,100
Illinois,2887,Illinois,Kendall,286000,75.25,63,100
Illinois,604,Illinois,Cass,5446,57.4,-61,100
Illinois,618,Illinois,Mchenry,4288,36,44,100
Illinois,635,Chicago,Cook,23475,66,238,100
Illinois,637,Illinois,Cook,13098,46.75,-93,100
Illinois,639,Illinois,Cook,1127736,33.2,60369,100
Illinois,649,Illinois,Bureau,7555,44.2,-97,100
Illinois,650,Illinois,Adams,50695,25.2,-66,100
Illinois,652,Illinois,Shelby,5329,59.4,-100,75
Illinois,675,Chicago,Cook,77799,94.2,6,100
Illinois,675,Chicago,Cook,467536,96.4,-17,100
Illinois,983,Illinois,Mchenry,15947,43.75,551,100
Illinois,984,Illinois,Du Page,18800,34.6,-92,100
Illinois,1689,Illinois,Du Page,86000,60.29,-11,100
Illinois,1252,Illinois,Du Page,59805,21,-82,100
Illinois,2125,Illinois,Saint Clair,32289,54.4,-85,100
Illinois,2852,Illinois,Cook,1263110,18.4,29,100
Illinois,462,Illinois,Winnebago,353599,38.67,2147483647,100
Illinois,616,Illinois,Christian,12663,45.4,-87,100
Illinois,617,Illinois,Mchenry,36552,34.4,108,100
Illinois,622,Illinois,Effingham,12384,30,43,100
Illinois,624,Illinois,Stephenson,23650,30.5,-99,100
Illinois,626,Illinois,Knox,39153,43.67,-10,100
Illinois,627,Illinois,Morgan,23818,35.8,N/A,100
Illinois,628,Illinois,Kankakee,56317,26.25,14536,67
Illinois,635,Chicago,Cook,125995,97.4,24,100
Illinois,635,Illinois,Cook,1134897,46.8,-100,100
Illinois,636,Illinois,Cook,110394,27,-85,100
Illinois,641,Illinois,Cook,217106,16,-80,100
Illinois,643,Illinois,Lake,55735,33.6,-95,100
Illinois,644,Illinois,Lake,105208,53.2,-92,100
Illinois,651,Illinois,Carroll,5615,44.8,-90,100
Illinois,653,Illinois,Macoupin,4480,43.4,-56,75
Illinois,654,Illinois,Whiteside,18678,36.33,1007,100
Illinois,731,Illinois,Bureau,5400,31.6,-93,100
Illinois,857,Illinois,Lawrence,4399,27.33,198219256,50
Indiana,1458,Indiana,Noble,10000,67.8,-75,100
Indiana,1479,Indiana,Elkhart,35000,75.8,-53,100
Indiana,1619,Indiana,Marion,800000,67,-39,100
Indiana,2337,Indiana,Tippecanoe,60000,57.25,-75,100
Indiana,2341,Indiana,St Joseph,130000,54.8,23,67
Indiana,2342,Indiana,Vigo,58500,91.4,-53,100
Indiana,2343,Indiana,Wayne,36000,71,-99,67
Indiana,2848,Indiana,Vanderburgh,61000,73.5,-74,67
Indiana,2933,Indiana,Elkhart,51600,69.2,99,100
Indiana,828,Indiana,Hamilton,86000,62,-75,100
Indiana,1738,Indiana,Clark,25000,66.29,-2,100
Indiana,1459,Indiana,Jasper,5800,49.6,-98,50
Indiana,2481,Indiana,Lawrence,12000,46.6,-83,50
Indiana,2832,Indiana,Warrick,10260,69.2,-44,50
Indiana,1456,Indiana,Clark,21000,86.6,-2,75
Indiana,2336,Indiana,Delaware,67000,42.2,-82,25
Indiana,2340,Indiana,Lake,28000,61,-97,50
Indiana,2372,Indiana,Kosciusko,21600,53.4,-73,100
Indiana,2387,Indiana,Allen,315000,72.8,309,100
Indiana,2388,Indiana,Howard,45000,38.2,50,100
Indiana,765,Indiana,Monroe,28350,53.2,-81,50
Indiana,1739,Indiana,Clark,25000,45,-2,100
Indiana,1889,Indiana,St Joseph,130000,59.29,-9,100
Indiana,772,Indiana,Monroe,56090,68,12,100
Indiana,828,Indiana,Hamilton,86000,68,8,100
Indiana,2335,Indiana,Dubois,16000,83.2,-84,100
Indiana,2357,Indiana,Hamilton,98000,65,3,100
Indiana,2840,Indiana,Bartholomew,50000,82.25,-46,100
Indiana,2847,Indiana,Vanderburgh,55000,68.25,-88,67
Indiana,2912,Indiana,Lake,200000,63.2,-87,100
Indiana,772,Indiana,Monroe,67500,67.2,-29,100
Iowa,1884,Iowa,Marshall,27400,37.29,0,100
Iowa,2488,Iowa,Union; Dakota; Woodbury,110000,59.2,-57,100
Iowa,544,Iowa,Johnson,75000,73.8,-65,100
Iowa,1783,Iowa,Muscatine,24400,64.29,-11,100
Iowa,1791,Iowa,Wapello,25529,75,3,100
Iowa,2770,Iowa,Scott,141344,57,-85,100
Iowa,2803,Iowa,Linn,137210,79,85,100
Iowa,1839,Iowa,Clinton,29300,82.86,-2,100
Iowa,1867,Iowa,Johnson,23000,52.57,-11,100
Kansas,2670,Kansas,Shawnee,95000,67.4,-63,100
Kansas,2465,Kansas,Johnson,42235,66.8,-90,100
Kansas,1895,Kansas,Douglas,80000,63.71,-11,100
Kansas,2075,Kansas,Reno,39712,54,-100,100
Kansas,2461,Kansas,Johnson,66377,63.6,488,100
Kansas,2795,Kansas,Shawnee,95000,N/A,N/A,N/A
Kansas,406,Kansas,Johnson,54985,48.5,-18,100
Kansas,1813,Kansas,Wyandotte,15000,63.8,-5,100
Kansas,833,Kansas,Shawnee,40000,70.2,-65,100
Kansas,2467,Kansas,Johnson,150442,69,-63,100
Kansas,1710,Kansas,Saline,47000,40.14,-5,100
Kansas,1811,Kansas,Wyandotte,35000,74.2,26,100
Kansas,1900,Kansas,Wyandotte,90000,71.33,-21,100
Kansas,2464,Kansas,Johnson,112076,48.8,-70,100
Kansas,2794,Kansas,Shawnee,40000,79.4,N/A,100
Kentucky,2651,Kentucky,Calloway,28837,58,24,100
Kentucky,2655,Kentucky,Shelby,32160,79,-64,100
Kentucky,2793,Kentucky,Jessamine,164960,39.5,-58,100
Kentucky,1253,Kentucky,Boyd,21654,70,-44,100
Kentucky,2652,Kentucky,Warren,67233,70,-54,100
Kentucky,2789,Kentucky,Carter,4614,56.5,N/A,0
Kentucky,2790,Kentucky,Pike,10435,35.5,N/A,100
Kentucky,901,Kentucky,Jefferson,55928,80.6,22,100
Kentucky,2116,Kentucky,Perry,7303,36.67,N/A,0
Kentucky,2653,Kentucky,Pulaski,7500,50.4,-98,67
Kentucky,2748,Kentucky,Kenton,212000,39.6,-97,50
Kentucky,2791,Kentucky,Floyd,8187,32,N/A,100
Kentucky,903,Kentucky,Jefferson,32460,85.8,-84,100
Kentucky,905,Kentucky,Jefferson,349850,80,235,100
Kentucky,2654,Kentucky,Madison,37000,62.25,-18,100
Kentucky,2792,Kentucky,Fayette,121386,61.5,28,100
Kentucky,902,Kentucky,Jefferson,295910,44.8,371874,75
Kentucky,904,Kentucky,Jefferson,31269,93.2,-15,100
Kentucky,1899,Kentucky,Jefferson,423913,57.17,62,75
Louisiana,1651,Louisiana,Lafayette,5000,46,-66,100
Louisiana,2665,Louisiana,Saint Tammany,15000,64,254,100
Louisiana,2947,Louisiana,Orleans,333406,55.18,-90,64
Louisiana,1858,Louisiana,Terrebonne,30000,56,107,100
Louisiana,1919,Louisiana,Bienville,3500,N/A,-13,0
Louisiana,1924,Louisiana,Ouachita,76000,87.6,-57,100
Louisiana,1928,Louisiana,Ouachita,12600,N/A,-23,0
Louisiana,1959,Louisiana,Washington,13675,76,2147483647,50
Louisiana,1964,Louisiana,Union,4000,N/A,-84,50
Louisiana,1965,Louisiana,Saint Mary,9700,44.8,58,50
Louisiana,1968,Louisiana,East Feliciana,7811,79.4,-100,100
Louisiana,1973,Louisiana,Livingston,7477,50.2,-96,100
Louisiana,1976,Louisiana,Jefferson,173101,59.2,10,100
Louisiana,2225,Louisiana,Jefferson,10800,43.2,119,50
Louisiana,2691,Louisiana,Caddo,5300,78,7,100
Louisiana,2774,Louisiana,La Salle,4146,79.6,-44,100
Louisiana,2784,Louisiana,Vernon,18000,45.8,981,50
Louisiana,2804,Louisiana,Lincoln,22500,73.4,57,100
Louisiana,2838,Louisiana,Acadia,8552,60.4,-25,100
Louisiana,2618,Louisiana,Orleans,50591,37.17,N/A,100
Louisiana,1650,Louisiana,Lafayette,13000,55.6,-96,80
Louisiana,2659,Louisiana,Lafayette,20000,41.2,-77,100
Louisiana,1567,Louisiana,Livingston,12342,44.6,156,100
Louisiana,1794,Louisiana,Plaquemines,7500,47.8,-88,100
Louisiana,1929,Louisiana,Ouachita,30000,N/A,-21,0
Louisiana,1962,Louisiana,Beauregard,11000,N/A,N/A,0
Louisiana,1978,Louisiana,Natchitoches,19000,74.6,-60,100
Louisiana,1979,Louisiana,Iberia,36123,60.8,-99,100
Louisiana,1980,Louisiana,Allen,8137,63.8,1891,100
Louisiana,1981,Louisiana,Richland,3695,80.25,-100,100
Louisiana,2012,Louisiana,Tangipahoa,6000,39.8,2147483647,50
Louisiana,2039,Louisiana,West Baton Rouge,6416,82,-92,100
Louisiana,2204,Louisiana,Saint Tammany,10000,29.4,-19,0
Louisiana,2775,Louisiana,Evangeline,8200,49.2,N/A,100
Louisiana,2799,Louisiana,Concordia,6354,56.8,279,50
Louisiana,2827,Louisiana,Saint Bernard,45000,47.6,2649114,100
Louisiana,2849,Louisiana,Saint Mary,17000,26,7,0
Louisiana,1823,Louisiana,Jefferson,333342,50.4,13488,100
Louisiana,1961,Louisiana,Calcasieu,36720,75.8,-79,100
Louisiana,1967,Louisiana,Jefferson,163451,62.4,-6,100
Louisiana,2100,Louisiana,Acadia,14557,79.4,-52,100
Louisiana,2203,Louisiana,Saint Tammany,10000,N/A,-99,50
Louisiana,2771,Louisiana,Saint Charles,25000,52.2,-69,100
Louisiana,1652,Louisiana,Lafayette,23000,24.8,14,100
Louisiana,2694,Louisiana,Jefferson,64000,55,44,100
Louisiana,1574,Louisiana,Lafourche,14566,32.5,4066,0
Louisiana,1857,Louisiana,Terrebonne,50000,48.5,34,100
Louisiana,1960,Louisiana,Jefferson,50652,48.6,-77,100
Louisiana,1977,Louisiana,Saint Mary,16779,30.8,413001,50
Louisiana,2011,Louisiana,Red River,3838,N/A,90,100
Louisiana,2772,Louisiana,Saint Charles,12300,61.4,203,100
Louisiana,2773,Louisiana,Bossier,4500,54.4,-34,50
Louisiana,2893,Louisiana,Franklin,4910,69.2,-57,50
Louisiana,2617,Louisiana,Orleans,333406,36.75,15,100
Maine,2077,Maine,Penobscot,20000,78.75,29,100
Maine,2498,Maine,Cumberland,8500,41,-50,100
Maine,65,Maine,Lincoln,2222,34.6,-46,100
Maine,1990,Maine,Penobscot,57000,47.2,2147483647,100
Maine,1992,Maine,Cumberland,65000,43,N/A,100
Maine,1993,Maine,Penobscot,2500,66.6,N/A,100
Maine,2000,Maine,Aroostook,9000,11,154,100
Maine,2001,Maine,Cumberland,24000,30.5,N/A,100
Maine,2500,Maine,Aroostook,5000,35.2,326,100
Maine,2595,Maine,Oxford,1500,61,1061,100
Maine,2681,Maine,Cumberland,6000,27.6,-10,100
Maine,347,Maine,Knox,7000,61.5,294,100
Maine,1987,Maine,Waldo,4000,45.8,N/A,100
Maine,1996,Maine,Aroostook,5000,N/A,N/A,N/A
Maine,2511,Maine,York,16000,21,N/A,100
Maine,1989,Maine,Cumberland,15000,40,3835520,100
Maine,2001,Maine,Cumberland,24000,new site,N/A,N/A
Maine,2002,Maine,York,15000,44.2,N/A,100
Maine,2873,Maine,Androscoggin,60000,19,-2,100
Maine,2475,Maine,York,20000,47.8,9876,100
Maine,2489,Maine,Piscataquis,1000,N/A,N/A,N/A
Maine,2501,Maine,Sagadahoc,8700,51.4,15,100
Maine,1994,Maine,Aroostook,2400,35.2,N/A,0
Maine,1995,Maine,Kennebec,19000,66,-68,100
Maine,1992,Maine,Cumberland,65000,31.71,-1,100
Maine,2598,Maine,Penobscot,40000,39.43,-17,100
Maryland,1260,Maryland,Anne Arundel,89319,21.25,-38,33
Maryland,1262,Maryland,Anne Arundel,11802,72.75,-61,100
Maryland,1284,Maryland,Anne Arundel,78365,55.6,421,100
Maryland,2952,Maryland,Montgomery,5354,new site,-95,100
Maryland,2953,Maryland,Montgomery,208364,new site,51,100
Maryland,1782,Maryland,Washington,90000,56.29,3,100
Maryland,1268,Maryland,Anne Arundel,150078,55,135,100
Maryland,1285,Maryland,Anne Arundel,13296,56.25,N/A,100
Maryland,1808,Maryland,Saint Marys,55000,56.2,-14,100
Maryland,2518,Maryland,Washington,90000,73,31,100
Maryland,1261,Maryland,Anne Arundel,91838,81.6,-13,100
Maryland,1278,Maryland,Anne Arundel,22660,66.8,413,100
Maryland,2495,Maryland,Garrett,3000,31.2,-80,100
Massachusetts,1037,Massachusetts,Suffolk; Middlesex,1375228,57.71,39,100
Massachusetts,1038,Massachusetts,Norfolk; Middlesex; Suffolk,1075656,60.21,348,100
Massachusetts,2522,Massachusetts,Hampden,55000,57.25,165,100
Massachusetts,2539,Massachusetts,Middlesex,228285,49.2,-85,100
Massachusetts,1780,Massachusetts,Worcester; Norfolk; Suffolk; Plymouth; Middlesex,2400000,45.71,-21,100
Massachusetts,2678,Massachusetts,Worcester,42000,57.6,-74,100
Massachusetts,2032,Massachusetts,Worcester,250000,29.83,5,100
Michigan,1088,Michigan,Ottawa,3000,76.6,-7,100
Michigan,1088,Michigan,Ottawa,25000,25.2,-67,100
Michigan,1091,Michigan,Schoolcraft,3412,N/A,N/A,N/A
Michigan,1092,Michigan,Chippewa,15000,20,N/A,0
Michigan,1096,Michigan,Muskegon,125000,N/A,N/A,N/A
Michigan,1121,Michigan,Saginaw,6300,25.67,N/A,0
Michigan,1122,Michigan,Otsego,3670,29.5,N/A,100
Michigan,1125,Michigan,Marquette,4500,N/A,N/A,N/A
Michigan,1125,Michigan,Marquette,4500,N/A,N/A,N/A
Michigan,1138,Michigan,Isabella,25629,35,N/A,100
Michigan,1167,Michigan,Kent,15000,27,N/A,100
Michigan,1599,Michigan,Eaton,9074,57.8,N/A,100
Michigan,1815,Michigan,Arenac,5500,45.6,N/A,0
Michigan,756,Michigan,Kent,265000,17.2,N/A,100
Michigan,757,Michigan,Jackson,90000,60.31,-14,100
Michigan,800,Michigan,Genesee,95000,59.4,46957,100
Michigan,801,Michigan,Grand Traverse,10000,N/A,N/A,N/A
Michigan,801,Michigan,Grand Traverse,45000,N/A,N/A,N/A
Michigan,823,Michigan,Houghton,14000,N/A,N/A,N/A
Michigan,860,Michigan,Gratiot,8976,N/A,N/A,N/A
Michigan,889,Michigan,Ottawa,6657,77,N/A,100
Michigan,889,Michigan,Ottawa,6524,59.6,N/A,0
Michigan,889,Michigan,Ottawa,45608,53,N/A,100
Michigan,890,Michigan,Ottawa,15498,63.5,-79,50
Michigan,890,Michigan,Ottawa,8278,57.6,N/A,100
Michigan,890,Michigan,Ottawa,36912,21.5,N/A,0
Michigan,891,Michigan,Kalamazoo,14378,8,N/A,0
Michigan,891,Michigan,Kalamazoo,39068,42.6,N/A,100
Michigan,1890,Michigan,Macomb,140000,60.17,-18,100
Michigan,2208,Michigan,Isabella,21690,75.29,-5,100
Michigan,1018,Michigan,Bay,20000,29.6,N/A,100
Michigan,1020,Michigan,Dickinson,3200,N/A,N/A,N/A
Michigan,1040,Michigan,Ottawa,3535,64.2,N/A,100
Michigan,1040,Michigan,Ottawa,11200,34.6,N/A,0
Michigan,1048,Michigan,Calhoun,6964,42,N/A,100
Michigan,1086,Michigan,Ottawa,20000,35,-83,100
Michigan,1102,Michigan,Dickinson,13500,N/A,N/A,N/A
Michigan,1125,Michigan,Marquette,3500,N/A,N/A,N/A
Michigan,1136,Michigan,Clare,3042,N/A,N/A,N/A
Michigan,1155,Michigan,Tuscola,3000,19.67,N/A,100
Michigan,1168,Michigan,Kent,68000,38.6,167345,100
Michigan,762,Michigan,Washtenaw,330000,40.08,36547,100
Michigan,801,Michigan,Grand Traverse,29400,N/A,N/A,N/A
Michigan,874,Michigan,Emmet,7900,10.25,N/A,100
Michigan,891,Michigan,Kalamazoo,12366,66.2,N/A,100
Michigan,896,Michigan,Wayne; Macomb,492000,N/A,N/A,N/A
Michigan,898,Michigan,Oakland; Wayne,840600,N/A,N/A,N/A
Michigan,1691,Michigan,Jackson,90000,81,4,100
Michigan,1781,Michigan,Kent,75000,68.71,-13,100
Michigan,1878,Michigan,Washtenaw,125000,22.71,-9,100
Michigan,1036,Michigan,Allegan,5500,47.2,N/A,100
Michigan,1088,Michigan,Ottawa,10000,46.6,567,100
Michigan,1089,Michigan,Chippewa,6546,40.67,N/A,0
Michigan,1090,Michigan,Manistee,8154,48.75,24600,0
Michigan,1090,Michigan,Manistee,8154,58,647,0
Michigan,1093,Michigan,Mackinac,3460,10.67,N/A,100
Michigan,1096,Michigan,Muskegon,5000,N/A,N/A,N/A
Michigan,1105,Michigan,Menominee,3842,N/A,N/A,N/A
Michigan,1125,Michigan,Marquette,3500,N/A,N/A,N/A
Michigan,1214,Michigan,Kent,40000,25.6,322,100
Michigan,1627,Michigan,Gogebic,6500,N/A,N/A,N/A
Michigan,1952,Michigan,Baraga,8320,30.33,N/A,100
Michigan,888,Michigan,Calhoun,70000,26,N/A,0
Michigan,889,Michigan,Ottawa,11057,48.4,N/A,100
Michigan,891,Michigan,Kalamazoo,20122,40.6,N/A,0
Michigan,891,Michigan,Kalamazoo,9709,27.8,N/A,100
Michigan,891,Michigan,Kalamazoo,3416,17.2,N/A,0
Michigan,891,Michigan,Kalamazoo,11246,63,N/A,100
Michigan,891,Michigan,Kalamazoo,31189,30.4,N/A,100
Michigan,891,Michigan,Kalamazoo,194170,12,N/A,100
Michigan,897,Michigan,Oakland; Macomb,1482000,N/A,N/A,N/A
Michigan,1040,Michigan,Ottawa,3511,0,N/A,0
Michigan,1049,Michigan,Allegan,3777,61.8,N/A,100
Michigan,1088,Michigan,Ottawa,8000,54.4,175,100
Michigan,1090,Michigan,Manistee,8154,42.5,-97,50
Michigan,1096,Michigan,Muskegon,32000,N/A,N/A,N/A
Michigan,1096,Michigan,Muskegon,28000,N/A,N/A,N/A
Michigan,1106,Michigan,Iosco,5000,57.5,N/A,100
Michigan,1125,Michigan,Marquette,25000,N/A,N/A,N/A
Michigan,1166,Michigan,Huron,4000,46.33,N/A,100
Michigan,1215,Michigan,Kent,41000,26.2,-100,100
Michigan,1216,Michigan,Midland,40000,26.6,N/A,100
Michigan,1217,Michigan,Kent,145000,16.4,N/A,100
Michigan,1585,Michigan,Kent,7000,44.75,19900,100
Michigan,761,Michigan,Lenawee,8680,62.08,-65,100
Michigan,799,Michigan,Washtenaw,150000,33.77,45,100
Michigan,822,Michigan,Delta,12600,N/A,N/A,N/A
Michigan,861,Michigan,Saginaw,40000,25.4,N/A,100
Michigan,890,Michigan,Ottawa,11955,77.75,-35,100
Michigan,891,Michigan,Kalamazoo,6703,55.2,N/A,100
Michigan,891,Michigan,Kalamazoo,45976,24.6,N/A,0
Michigan,1909,Michigan,Grand Traverse,30623,49.86,-8,100
Minnesota,2231,Minnesota,Isanti,9604,73.4,913,100
Minnesota,2233,Minnesota,Washington,83209,64.8,-75,100
Minnesota,2237,Minnesota,Otter Tail,13922,62.2,320,100
Minnesota,2246,Minnesota,Clay,44602,82,N/A,100
Minnesota,2248,Minnesota,Scott; Le Sueur,8201,61.2,-15,100
Minnesota,2253,Minnesota,Hennepin,10308,61.4,-48,100
Minnesota,2257,Minnesota,Carlton; Saint Louis,98018,57.2,79,100
Minnesota,2260,Minnesota,Nobles,13372,64,2043,100
Minnesota,2263,Minnesota,Goodhue,16000,69.43,10,100
Minnesota,2616,Minnesota,Benton; Stearns; Sherburne,120000,52.71,-5,100
Minnesota,1048,Minnesota,Lyon,13867,24.67,5925017,50
Minnesota,2230,Minnesota,Hennepin; Carver; Scott,296546,52,-95,100
Minnesota,2232,Minnesota,Saint Louis,4904,54,N/A,100
Minnesota,2235,Minnesota,Sherburne,26226,40.25,339,100
Minnesota,2243,Minnesota,Le Sueur,3863,63,-97,100
Minnesota,2252,Minnesota,Olmsted,122657,54.8,161,100
Minnesota,249,Minnesota,Hennepin; Washington; Dakota; Anoka; Ramsey,1913563,68.4,-73,100
Minnesota,1886,Minnesota,Olmsted,120000,46.71,-8,100
Minnesota,1108,Minnesota,Scott; Hennepin; Dakota,254932,59.2,-95,100
Minnesota,2236,Minnesota,Dakota,153791,60.5,-8,100
Minnesota,2244,Minnesota,Morrison,9119,71,-42,100
Minnesota,2250,Minnesota,Chisago,11442,26,N/A,100
Minnesota,2251,Minnesota,Rice; Dakota,22126,30.5,538,100
Minnesota,2254,Minnesota,Stearns; Sherburne; Benton,71945,58.33,N/A,100
Minnesota,2226,Minnesota,Freeborn,17930,83.67,-79,100
Minnesota,2227,Minnesota,Dodge,13919,51,-98,100
Minnesota,2238,Minnesota,Mille Lacs,4137,43.2,-91,100
Minnesota,2240,Minnesota,Dakota,21834,70.2,-42,100
Minnesota,2245,Minnesota,Blue Earth,44586,51,-82,100
Minnesota,2247,Minnesota,Kanabec,3631,61.8,-31,100
Minnesota,2255,Minnesota,Washington,27857,56.4,105,100
Minnesota,2256,Minnesota,Pennington,9265,71.4,-95,100
Minnesota,2258,Minnesota,Kandiyohi,20201,45.75,34,100
Minnesota,1883,Minnesota,Blue Earth; Nicollet,70000,66.43,-13,100
Mississippi,2943,Mississippi,Lafayette,25000,70,-36,100
Mississippi,2480,Mississippi,Jackson,34333,37.67,-5,100
Mississippi,2944,Mississippi,Hinds,150000,40,-100,50
Mississippi,2479,Mississippi,Jackson,19008,40.88,-24,100
Missouri,190,Missouri,Cole; Callaway,41153,29.67,N/A,100
Missouri,194,Missouri,Clay; Platte,76759,N/A,N/A,N/A
Missouri,196,Missouri,Jackson,25000,36.67,N/A,100
Missouri,198,Missouri,Clay,12000,42.67,N/A,100
Missouri,202,Missouri,Dunklin,11300,N/A,N/A,N/A
Missouri,265,Missouri,Saint Louis,149112,27.33,N/A,0
Missouri,365,Missouri,New Madrid; Scott,17000,N/A,N/A,N/A
Missouri,380,Missouri,Greene,22818,N/A,N/A,N/A
Missouri,404,Missouri,Lincoln,12019,48.33,N/A,100
Missouri,424,Missouri,Johnson,14477,N/A,N/A,N/A
Missouri,438,Missouri,Saint Charles,44852,26.33,N/A,100
Missouri,858,Missouri,Jackson; Cass,367300,N/A,N/A,N/A
Missouri,192,Missouri,Jasper,34403,76,N/A,100
Missouri,195,Missouri,Cass; Jackson; Johnson,490000,64.67,N/A,100
Missouri,200,Missouri,Johnson; Jackson; Wyandotte,61250,46,N/A,100
Missouri,218,Missouri,Clay,35300,N/A,N/A,N/A
Missouri,266,Missouri,Jefferson; Saint Louis,24174,46.33,N/A,100
Missouri,268,Missouri,Saint Louis,451367,57,N/A,100
Missouri,280,Missouri,Vernon,8082,N/A,N/A,N/A
Missouri,317,Missouri,Platte,8000,52.33,N/A,100
Missouri,407,Missouri,Franklin,7936,N/A,N/A,N/A
Missouri,441,Missouri,Howell,12000,N/A,N/A,N/A
Missouri,827,Missouri,Dent,4512,40.33,N/A,100
Missouri,114,Missouri,Henry,9118,62.67,N/A,100
Missouri,133,Missouri,Saint Charles,47758,N/A,N/A,N/A
Missouri,156,Missouri,Madison,4000,34,N/A,100
Missouri,199,Missouri,Platte; Clay,12855,17,N/A,0
Missouri,240,Missouri,Webster,8000,20.5,N/A,100
Missouri,259,Missouri,Barry; Lawrence,9100,N/A,N/A,N/A
Missouri,264,Missouri,Saint Louis; Saint Louis City,306647,37.33,N/A,0
Missouri,267,Missouri,Saint Louis,115895,66.33,N/A,100
Missouri,269,Missouri,Jefferson; Saint Louis,66738,26,N/A,100
Missouri,279,Missouri,Newton,12000,N/A,N/A,N/A
Missouri,381,Missouri,Greene; Christian,151966,N/A,N/A,N/A
Missouri,423,Missouri,Johnson,11883,6,N/A,0
Missouri,81,Missouri,Cape Girardeau; Scott,33540,46.33,N/A,100
Missouri,2671,Missouri,Jefferson,48000,64.5,N/A,100
Missouri,119,Missouri,Boone,123180,35.67,N/A,100
Missouri,132,Missouri,Saint Charles,58777,N/A,N/A,N/A
Missouri,191,Missouri,Newton,15906,42,N/A,100
Missouri,197,Missouri,Clay; Platte,13940,31,N/A,100
Missouri,2068,Missouri,Laclede,15000,19,N/A,100
Missouri,230,Missouri,Macon,5471,62,N/A,100
Missouri,253,Missouri,Audrain,11500,N/A,N/A,N/A
Missouri,270,Missouri,Saint Louis; Saint Charles,174537,36.33,N/A,0
Missouri,385,Missouri,Buchanan,27000,27,N/A,0
Missouri,386,Missouri,Saint Charles,60000,53.33,N/A,100
Missouri,429,Missouri,Franklin,15000,N/A,N/A,N/A
Missouri,71,Missouri,Linn,3979,N/A,N/A,N/A
Missouri,87,Missouri,Barry,3300,12.33,N/A,0
Missouri,95,Missouri,Livingston,9000,35.67,N/A,100
Montana,2407,Montana,Park,8700,67,-99,N/A
Montana,2635,Montana,Hill,10000,66.67,N/A,100
Montana,2718,Montana,Silver Bow,35000,19,455,100
Montana,977,Montana,Lewis And Clark,37125,37.8,-76,100
Montana,1310,Montana,Gallatin,50000,49.33,-90,N/A
Montana,976,Montana,Lewis And Clark,2273,27.4,-93,100
Nebraska,1331,Nebraska,York,8000,68.4,N/A,100
Nebraska,922,Nebraska,Lancaster,100000,53.2,425,100
Nebraska,925,Nebraska,Lancaster,200000,70.4,69184,100
Nebraska,2614,Nebraska,Lancaster,60000,38.43,1,100
Nebraska,1799,Nebraska,Nemaha,3800,49.6,-100,100
Nebraska,915,Nebraska,Dawes,5561,53.4,N/A,100
Nebraska,918,Nebraska,Hall,52000,N/A,N/A,N/A
Nebraska,920,Nebraska,Buffalo,33790,21,N/A,100
Nebraska,916,Nebraska,Platte,23000,53.6,N/A,100
Nebraska,917,Nebraska,Dodge,28000,82.5,N/A,100
Nebraska,919,Nebraska,Adams,24692,71.6,N/A,100
Nebraska,921,Nebraska,Douglas,200000,65,N/A,100
Nebraska,923,Nebraska,Douglas; Sarpy,600000,73.4,-100,100
Nebraska,924,Nebraska,Scotts Bluff,15932,43.8,N/A,100
Nebraska,1493,Nebraska,Holt,3700,N/A,N/A,N/A
Nebraska,987,Nebraska,Stanton; Madison,27000,71.8,N/A,100
Nebraska,988,Nebraska,Lincoln,24000,19,-100,100
Nebraska,2620,Nebraska,Lancaster,240000,36.17,-15,100
Nevada,1117,Nevada,Carson City,52000,14.14,-47,N/A
Nevada,2930,Nevada,Washoe,350000,79.8,-5,100
Nevada,554,Nevada,Washoe,300000,8.93,-20,N/A
Nevada,2607,Nevada,Clark,990000,38.43,-4,100
Nevada,2592,Nevada,Clark,2000000,32.6,2,100
New Hampshire,2086,New Hampshire,Strafford,14638,67.33,-92,100
New Hampshire,2088,New Hampshire,Grafton,11000,70,-69,100
New Hampshire,2089,New Hampshire,Cheshire,30000,45.5,32,100
New Hampshire,2090,New Hampshire,Hillsborough,172000,22.33,-56,100
New Hampshire,2092,New Hampshire,Rockingham,3500,71,-96,100
New Hampshire,2093,New Hampshire,Sullivan,6500,44.33,91,100
New Hampshire,2095,New Hampshire,Rockingham,22000,38.67,451,100
New Hampshire,2084,New Hampshire,Coos,10000,92,288,100
New Hampshire,2091,New Hampshire,Hillsborough,26632,11.67,-26,100
New Hampshire,2096,New Hampshire,Grafton,7000,25,170,100
New Hampshire,2496,New Hampshire,Belknap; Oxford; Cumberland; Carroll,6500,40.5,121,100
New Hampshire,2519,New Hampshire,Sullivan,6000,51.5,-99,100
New Hampshire,2085,New Hampshire,Strafford,32000,51.33,113,100
New Hampshire,2087,New Hampshire,Rockingham,20000,30.67,N/A,100
New Hampshire,1880,New Hampshire,Strafford,30000,39.86,11,100
New Jersey,1453,New Jersey,Monmouth,47000,51.8,-53,100
New Jersey,1605,New Jersey,Bergen,564563,70.2,20,100
New Jersey,2107,New Jersey,Cumberland,30000,71.4,-65,100
New Jersey,2351,New Jersey,Burlington,19980,62.25,242,100
New Jersey,2352,New Jersey,Cumberland,30000,36.5,3605,100
New Jersey,2373,New Jersey,Hunterdon,9440,71.2,-77,100
New Jersey,2400,New Jersey,Salem,5500,53.5,N/A,100
New Jersey,784,New Jersey,Somerset; Middlesex; Union,880000,59.6,10,100
New Jersey,2222,New Jersey,Monmouth,100000,71.71,-13,100
New Jersey,2619,New Jersey,Somerset,130000,66.4,1,100
New Jersey,1322,New Jersey,Union; Essex,1300000,69.6,-71,100
New Jersey,1385,New Jersey,Hudson,145000,46.4,-44,100
New Jersey,2349,New Jersey,Atlantic,12000,52.6,1476,100
New Jersey,2350,New Jersey,Morris,24530,37.2,130,100
New Jersey,2355,New Jersey,Union,204148,67,-56,100
New Jersey,2377,New Jersey,Monmouth,47357,40.2,-86,100
New Jersey,1907,New Jersey,Monmouth,52672,62.75,0,100
New Jersey,2378,New Jersey,Sussex,7751,48.4,-74,100
New Jersey,2865,New Jersey,Camden,525000,46,-57,67
New Jersey,788,New Jersey,Hudson; Essex; Passaic; Bergen,1500000,63.8,-95,100
New Jersey,2107,New Jersey,Cumberland,50000,28.17,7,100
New Jersey,1291,New Jersey,Passaic,54000,51.75,122,100
New Jersey,2353,New Jersey,Morris,90000,36.5,-44,100
New Jersey,2354,New Jersey,Somerset,7000,50,9133,100
New Jersey,2423,New Jersey,Atlantic,250000,60.6,-1,100
New Jersey,2209,New Jersey,Monmouth,50000,58.29,26,100
New Jersey,788,New Jersey,Essex; Bergen; Hudson; Union; Passaic,1500000,52.43,14,100
New Mexico,1362,New Mexico,Luna,14000,34.8,-50,100
New Mexico,2492,New Mexico,Santa Fe,87000,34.4,-63,100
New Mexico,1360,New Mexico,Chaves,50000,72,20847,100
New Mexico,2683,New Mexico,Bernalillo,650000,12.2,0,100
New Mexico,2391,New Mexico,Sandoval,101750,10.4,-42,100
New Mexico,2394,New Mexico,Dona Ana,8127,41.33,105,100
New Mexico,2649,New Mexico,Dona Ana,89719,76.2,5709,100
New York,1007,New York,Genesee,4191,50,-98,100
New York,1013,New York,Erie,71131,49,30,100
New York,1022,New York,Schenectady,78444,N/A,N/A,N/A
New York,1044,New York,Suffolk,24147,32.67,N/A,100
New York,1045,New York,Essex,6264,17.4,14001,25
New York,1068,New York,Tompkins,56967,9.8,389,0
New York,1099,New York,Wyoming,3448,35,N/A,0
New York,1171,New York,Schoharie,5326,N/A,N/A,N/A
New York,1405,New York,Rockland,4115,N/A,N/A,N/A
New York,1486,New York,Westchester,40301,25.8,62,0
New York,1504,New York,Sullivan,6639,32,N/A,0
New York,1557,New York,Orange,6563,18,N/A,0
New York,1821,New York,Dutchess,14525,25.5,-40,0
New York,1931,New York,Albany,21281,N/A,N/A,N/A
New York,1937,New York,Livingston,5361,36,35,0
New York,2025,New York,Niagara,38971,53.5,N/A,100
New York,2102,New York,Ontario,16507,2,8,0
New York,2177,New York,Chemung,18085,5.67,63,0
New York,2179,New York,Erie,24461,52.4,-100,100
New York,2200,New York,Jefferson,26270,25.4,353,25
New York,2272,New York,Saint Lawrence,12114,N/A,N/A,N/A
New York,2281,New York,Chautauqua,3365,36,N/A,0
New York,2287,New York,Oneida,3210,N/A,N/A,N/A
New York,483,New York,Delaware,3581,10,5,0
New York,515,New York,Madison,4843,24.67,200,0
New York,522,New York,Orange,27434,19.4,81,0
New York,580,New York,Monroe,43074,22.75,3,0
New York,694,New York,Franklin,7175,30.33,1013368,0
New York,721,New York,Rensselaer,79699,N/A,N/A,N/A
New York,723,New York,Seneca,6961,13.33,27,0
New York,869,New York,Warren,23462,N/A,N/A,N/A
New York,996,New York,Erie,142478,81,-38,100
New York,998,New York,Erie,431141,65,-34,100
New York,2601,New York,Oswego,30000,31.43,-1,100
New York,1009,New York,Niagara,48196,37.67,55,100
New York,1150,New York,Suffolk,7741,38.5,7187,67
New York,1404,New York,Rockland,10890,19.5,117,0
New York,1460,New York,Orange,28914,12,N/A,0
New York,1484,New York,Westchester,94095,35.2,170,0
New York,1488,New York,Westchester,31046,19.25,N/A,0
New York,1844,New York,Saint Lawrence,22552,23.5,N/A,0
New York,1852,New York,Saint Lawrence,14475,9.8,51,0
New York,1855,New York,Albany,31023,N/A,N/A,N/A
New York,2007,New York,Wayne,5145,51,-11,0
New York,2050,New York,Nassau,5824,N/A,N/A,N/A
New York,2080,New York,Nassau,27494,67.8,36059986,100
New York,2176,New York,Chemung,38037,7.33,68,0
New York,2181,New York,Monroe,487322,20,11,0
New York,2182,New York,Orange,6369,24,226,0
New York,2189,New York,Ulster,10577,N/A,N/A,N/A
New York,2194,New York,Saratoga,152482,N/A,N/A,N/A
New York,2197,New York,Essex,3263,8.67,35,0
New York,2201,New York,Oswego,14199,28.8,0,0
New York,2264,New York,Nassau,8288,58.8,N/A,100
New York,2268,New York,Onondaga,3272,1,45,0
New York,2280,New York,Seneca,6160,28.67,140,0
New York,300,New York,Otsego,19383,N/A,N/A,N/A
New York,426,New York,Orange,6729,6.5,16,0
New York,477,New York,Essex,3076,18,-100,50
New York,513,New York,Onondaga,30613,21,N/A,0
New York,524,New York,Orange,36227,17.25,31,0
New York,529,New York,Orange,8568,3,5,0
New York,531,New York,Jefferson,4077,31.5,N/A,0
New York,532,New York,Onondaga,25965,15.5,N/A,0
New York,776,New York,Ulster,26599,16.6,48,0
New York,986,New York,Washington,12260,N/A,N/A,N/A
New York,997,New York,Genesee,16459,27.5,752930,67
New York,2608,New York,Tompkins,90000,46.67,-22,100
New York,1000,New York,Erie,17983,64.2,-97,100
New York,1006,New York,Chautauqua,32501,1,-10,0
New York,1011,New York,Cattaraugus,17760,0,0,0
New York,1012,New York,Erie,83961,43.2,-98,100
New York,1097,New York,Dutchess,38207,34.5,-99,33
New York,1151,New York,Oneida,27849,N/A,N/A,N/A
New York,1401,New York,Rockland,36527,18.75,30,0
New York,1483,New York,Westchester,26651,N/A,N/A,N/A
New York,1489,New York,Westchester,523765,18.6,6,0
New York,1936,New York,Clinton,5532,15,-5,0
New York,1939,New York,Suffolk,28183,57,N/A,100
New York,2004,New York,Oswego,12117,29.67,118,0
New York,2172,New York,Albany,109426,N/A,N/A,N/A
New York,2173,New York,Albany,80922,N/A,N/A,N/A
New York,2174,New York,Onondaga,16168,10,N/A,0
New York,2175,New York,Tompkins,9770,20.67,-67,50
New York,2191,New York,Orange,42921,19.2,1060,25
New York,2192,New York,Oswego,8849,51.5,-15,0
New York,2193,New York,Dutchess,21516,35.67,76,0
New York,2198,New York,Madison,3317,7,N/A,0
New York,2285,New York,Chautauqua,9379,41.67,-56,50
New York,512,New York,Cayuga,31814,34.2,-74,25
New York,516,New York,Madison,4908,11,N/A,0
New York,517,New York,Livingston,4730,24.67,54,0
New York,518,New York,Steuben,5162,27,-100,0
New York,520,New York,Onondaga,39352,35,N/A,0
New York,527,New York,Madison,9207,14.33,28,0
New York,52,New York,Steuben,5941,N/A,N/A,N/A
New York,692,New York,Saint Lawrence,10794,7,-13,0
New York,717,New York,Montgomery,19679,N/A,N/A,N/A
New York,1008,New York,Orleans,6191,31.5,-97,50
New York,1010,New York,Monroe,155096,27.2,10,0
New York,1021,New York,Nassau,20616,49.75,-96,100
New York,1041,New York,Suffolk,278775,58.75,-87,100
New York,1043,New York,Suffolk,3349,22.5,492,50
New York,1078,New York,Wayne,8931,18.5,13,0
New York,1098,New York,Sullivan,4925,21.5,7,0
New York,1149,New York,Tioga,3750,31.5,128,0
New York,1153,New York,Livingston,15688,55,65,0
New York,1213,New York,Ontario,17936,29.33,-88,0
New York,1306,New York,Nassau,524955,45,-24,100
New York,1402,New York,Clinton,20893,2.33,9,0
New York,1403,New York,Rockland,12676,23,1,0
New York,1485,New York,Westchester,78683,17.25,478,0
New York,1487,New York,Westchester,44876,14,55,0
New York,1800,New York,Dutchess,13856,36.5,156,0
New York,1853,New York,Suffolk,7499,49.67,1584,100
New York,1854,New York,Suffolk,5789,12.67,337,50
New York,1917,New York,Saint Lawrence,4705,31.2,-57,0
New York,1938,New York,Suffolk,6280,N/A,-38,50
New York,2112,New York,Livingston,3288,31,38,0
New York,2178,New York,Erie,6908,44.5,2147483647,100
New York,2180,New York,Broome,38726,0,0,0
New York,2187,New York,Lewis,3953,N/A,N/A,0
New York,2190,New York,Niagara,5632,N/A,N/A,N/A
New York,2195,New York,Ulster,3793,34,0,0
New York,2212,New York,Orange,5672,33.33,158,0
New York,2213,New York,Oneida,6076,N/A,N/A,N/A
New York,2219,New York,Oneida,3990,N/A,N/A,N/A
New York,2273,New York,Monroe,6400,52.33,-100,0
New York,479,New York,Chenango,6734,12.67,146,0
New York,521,New York,Onondaga,242377,N/A,N/A,0
New York,525,New York,Onondaga,50727,33,N/A,0
New York,567,New York,Fulton,23379,10.5,N/A,0
New York,690,New York,Cortland,26950,18.5,43,0
New York,691,New York,Herkimer,13924,N/A,N/A,N/A
New York,718,New York,Schuyler,3656,N/A,N/A,N/A
New York,719,New York,Nassau,24041,35,-50,100
New York,738,New York,Putnam,4480,N/A,N/A,0
New York,740,New York,Oneida,55215,N/A,N/A,N/A
New York,836,New York,Nassau,611349,49,440,100
New York,837,New York,Rockland,53437,32.33,103,0
New York,838,New York,Rockland,207430,9.2,-14,0
New York,974,New York,Yates,5339,22,N/A,0
New York,994,New York,Orleans,6278,51,862,100
New York,999,New York,Chautauqua,12616,51.6,53,0
New York City,2763,New York City,Kings,825096,17.6,N/A,N/A
New York City,2766,New York City,Queens,131254,59.8,N/A,N/A
New York City,2756,New York City,Queens,824156,65.2,N/A,N/A
New York City,2757,New York City,Kings,710768,56.4,N/A,N/A
New York City,2758,New York City,Bronx,769120,60.4,N/A,N/A
New York City,2761,New York City,New York,655795,46.4,N/A,N/A
New York City,2762,New York City,Richmond,266371,81.6,N/A,N/A
New York City,2764,New York City,Richmond,210680,46,N/A,N/A
New York City,2767,New York City,Queens,444823,32.4,N/A,N/A
New York City,2755,New York City,Kings,295778,67.4,N/A,N/A
New York City,2760,New York City,Kings,1197476,57.4,N/A,N/A
New York City,2759,New York City,Queens,798883,46.2,N/A,N/A
New York City,2765,New York City,Kings,251164,41.8,N/A,N/A
New York City,2768,New York City,New York,1197129,81.4,N/A,N/A
North Carolina,2596,North Carolina,Pender; Duplin,10000,54,46,100
North Carolina,1031,North Carolina,Onslow,41819,75.2,341696,100
North Carolina,144,North Carolina,Cumberland,151589,47.5,N/A,100
North Carolina,166,North Carolina,Guilford,135821,49.75,34,100
North Carolina,271,North Carolina,Buncombe; Henderson,173000,49,-99,100
North Carolina,303,North Carolina,Orange; Durham,78141,52,N/A,100
North Carolina,334,North Carolina,Wake,30655,59,N/A,100
North Carolina,369,North Carolina,Orange; Durham,108105,66.8,-84,100
North Carolina,450,North Carolina,New Hanover,58361,49.4,184,100
North Carolina,452,North Carolina,Forsyth,178000,57.8,-100,100
North Carolina,85,North Carolina,Wake,74331,59,148,100
North Carolina,92,North Carolina,Mecklenburg,68685,80.67,N/A,100
North Carolina,94,North Carolina,Mecklenburg,120000,77.5,N/A,100
North Carolina,1223,North Carolina,Rowan,21000,46,163,100
North Carolina,2589,North Carolina,Lenoir,20484,35,1153,100
North Carolina,1611,North Carolina,Forsyth; Randolph; Davidson; Guilford,116390,66.4,-100,100
North Carolina,2033,North Carolina,Henderson,43633,61.8,-37,100
North Carolina,216,North Carolina,Scotland,15527,85.2,-100,100
North Carolina,345,North Carolina,Northampton; Halifax,14320,74,-100,100
North Carolina,405,North Carolina,Jackson,13296,60,N/A,100
North Carolina,53,North Carolina,Carteret,3500,41.4,35265,100
North Carolina,84,North Carolina,Wake,84189,62.6,843,100
North Carolina,93,North Carolina,Mecklenburg,182501,70.67,N/A,100
North Carolina,1662,North Carolina,Forsyth,92000,55.57,-3,100
North Carolina,2605,North Carolina,Wilson,50000,65.2,9,100
North Carolina,2565,North Carolina,Watauga,26000,47.8,25,100
North Carolina,2641,North Carolina,Swain; Jackson,10000,25.8,8,80
North Carolina,332,North Carolina,Wake,550000,36.5,N/A,100
North Carolina,335,North Carolina,Wake,7776,72,39455,100
North Carolina,451,North Carolina,New Hanover,67743,50.2,-97,100
North Carolina,1220,North Carolina,Rowan,32000,59.8,140,100
North Carolina,111,North Carolina,Wilson,49384,47.25,244,100
North Carolina,1521,North Carolina,Mecklenburg,82158,83.4,-62,100
North Carolina,1523,North Carolina,Durham,142000,67.8,-76,100
North Carolina,167,North Carolina,Pitt,89616,N/A,N/A,N/A
North Carolina,237,North Carolina,Mcdowell,8459,58.2,4909653,100
North Carolina,86,North Carolina,Wake,75886,72,325,100
North Carolina,1894,North Carolina,Lenoir,25000,43.43,25,100
Ohio,112,Ohio,Wayne,27000,75,94,100
Ohio,140,Ohio,Lorain,54500,78.75,-30,100
Ohio,157,Ohio,Sandusky,25000,57.25,125,100
Ohio,186,Ohio,Lawrence,10445,57.33,419,100
Ohio,205,Ohio,Hardin,8500,28,36,0
Ohio,2473,Ohio,Knox,7000,34.25,-98,50
Ohio,263,Ohio,Knox,18000,58.5,-96,100
Ohio,274,Ohio,Henry,8749,67,204,100
Ohio,291,Ohio,Huron,17000,52.25,-93,100
Ohio,304,Ohio,Butler,22000,72.25,-96,100
Ohio,411,Ohio,Wyandot,6700,49.25,-97,50
Ohio,442,Ohio,Montgomery,79000,59.8,242673,100
Ohio,1891,Ohio,Mahoning,174000,64.67,-10,100
Ohio,127,Ohio,Montgomery,226729,66.75,148,100
Ohio,1805,Ohio,Huron,3276,49.75,292,0
Ohio,1957,Ohio,Lake,20000,34,-96,50
Ohio,214,Ohio,Fairfield,24303,62,-57,100
Ohio,233,Ohio,Richland,52000,59.5,-69,100
Ohio,235,Ohio,Washington,15284,22.25,1207,50
Ohio,273,Ohio,Hamilton,76000,68.25,-98,50
Ohio,309,Ohio,Licking,7150,60.5,-77,100
Ohio,326,Ohio,Scioto,20366,54.75,-64,33
Ohio,36,Ohio,Summit,363897,42.25,-37,100
Ohio,388,Ohio,Jefferson,17864,44.5,-45,50
Ohio,395,Ohio,Hamilton,34000,74,60,100
Ohio,398,Ohio,Lucas,322446,43.75,-14,100
Ohio,403,Ohio,Montgomery,65000,57,354,100
Ohio,54,Ohio,Greene,46160,21.25,1364,50
Ohio,79,Ohio,Stark,85000,43.25,-36,100
Ohio,859,Ohio,Mercer,4800,51.75,-80,100
Ohio,101,Ohio,Preble,8400,61.5,N/A,100
Ohio,108,Ohio,Erie,55000,57.67,-65,100
Ohio,121,Ohio,Ashtabula,12000,42.5,-93,50
Ohio,124,Ohio,Coshocton,12000,75.25,-56,100
Ohio,131,Ohio,Tuscarawas,13572,51.25,-34,100
Ohio,141,Ohio,Belmont,13169,54.75,213,100
Ohio,147,Ohio,Hancock,41273,60.25,30,100
Ohio,168,Ohio,Darke,13000,76.5,-96,100
Ohio,187,Ohio,Franklin,645940,54,-89,100
Ohio,221,Ohio,Hamilton,143000,40.75,-85,50
Ohio,222,Ohio,Medina,86586,55.25,16,100
Ohio,225,Ohio,Lorain,72000,52.25,-44,100
Ohio,241,Ohio,Union,24677,53.75,43,100
Ohio,255,Ohio,Hamilton,488000,56.75,-98,50
Ohio,276,Ohio,Cuyahoga,313158,51.5,3345,100
Ohio,278,Ohio,Cuyahoga,103379,48,-96,100
Ohio,282,Ohio,Licking,45000,74.25,14,100
Ohio,311,Ohio,Wood,37725,43.5,15,100
Ohio,428,Ohio,Fayette,14000,58.67,-55,100
Ohio,455,Ohio,Mahoning,65469,29.75,106,0
Ohio,456,Ohio,Muskingum,47500,30.33,-83,100
Ohio,48,Ohio,Athens,24536,43.75,89,0
Ohio,67,Ohio,Wood,32000,65.75,8,100
Ohio,73,Ohio,Williams,8655,65.25,-35,100
Ohio,975,Ohio,Greene,4100,54.25,149,100
Ohio,98,Ohio,Pickaway,13965,68.25,423,100
Ohio,102,Ohio,Marion,36000,46.6,46,100
Ohio,129,Ohio,Defiance,19900,50,-88,100
Ohio,134,Ohio,Montgomery,36150,52,482,100
Ohio,1608,Ohio,Hocking,8500,64.2,188,100
Ohio,170,Ohio,Butler,65000,71,-72,100
Ohio,204,Ohio,Portage,29000,56.6,70,100
Ohio,219,Ohio,Allen,61000,64.25,-94,100
Ohio,228,Ohio,Lucas,110000,52.5,-51,100
Ohio,277,Ohio,Cuyahoga,524154,55.5,-46,100
Ohio,322,Ohio,Ottawa,7000,N/A,N/A,N/A
Ohio,374,Ohio,Franklin,654817,52.25,-25,100
Ohio,382,Ohio,Clark,60000,41.25,333,100
Ohio,422,Ohio,Trumbull,54037,44,-91,50
Ohio,43,Ohio,Fulton,6000,45.25,-80,50
Ohio,46,Ohio,Ashtabula,31430,28.25,-82,50
Ohio,74,Ohio,Crawford,12362,32.25,-69,50
Ohio,82,Ohio,Carroll,3500,68.75,273,67
Ohio,1810,Ohio,Portage; Summit,365000,53.67,-2,100
Oklahoma,2566,Oklahoma,Pontotoc,16738,N/A,N/A,N/A
Oklahoma,2568,Oklahoma,Washington,36495,N/A,N/A,N/A
Oklahoma,2572,Oklahoma,Bryan,18589,47.67,N/A,100
Oklahoma,2576,Oklahoma,Muskogee,36790,N/A,N/A,N/A
Oklahoma,2583,Oklahoma,Payne,48134,N/A,N/A,N/A
Oklahoma,2574,Oklahoma,Tulsa,112025,N/A,N/A,N/A
Oklahoma,2575,Oklahoma,Oklahoma,57288,N/A,N/A,N/A
Oklahoma,2586,Oklahoma,Canadian,24623,N/A,N/A,N/A
Oklahoma,2567,Oklahoma,Caddo,6623,N/A,N/A,N/A
Oklahoma,2577,Oklahoma,Cleveland,122837,N/A,N/A,N/A
Oklahoma,2578,Oklahoma,Oklahoma,442168,N/A,N/A,N/A
Oklahoma,2579,Oklahoma,Tulsa,181670,N/A,N/A,N/A
Oklahoma,2580,Oklahoma,Seminole,7488,N/A,N/A,N/A
Oklahoma,2585,Oklahoma,Woodward,11998,N/A,N/A,N/A
Oklahoma,2512,Oklahoma,Garfield,50350,57.8,-15,100
Oklahoma,2571,Oklahoma,Oklahoma,107331,N/A,N/A,N/A
Oklahoma,2573,Oklahoma,Garfield,49583,N/A,N/A,N/A
Oklahoma,2582,Oklahoma,Tulsa,147101,N/A,N/A,N/A
Oklahoma,2584,Oklahoma,Cherokee,16463,N/A,N/A,N/A
Oregon,934,Oregon,Benton,58856,30,246,100
Oregon,936,Oregon,Lane,8925,26.67,57,100
Oregon,942,Oregon,Washington,220000,40,N/A,100
Oregon,943,Oregon,Washington,40000,18,N/A,100
Oregon,945,Oregon,Multnomah,662235,24.5,N/A,100
Oregon,955,Oregon,Yamhill,34615,35,N/A,100
Oregon,959,Oregon,Umatilla,17500,N/A,N/A,N/A
Oregon,961,Oregon,Marion,229000,70.33,220,100
Oregon,2639,Oregon,Multnomah,45600,44.5,N/A,100
Oregon,2802,Oregon,Clackamas,26298,45,-53,100
Oregon,932,Oregon,Deschutes,92850,21.5,42,100
Oregon,935,Oregon,Polk,16555,40.67,N/A,100
Oregon,949,Oregon,Washington,40000,10.33,N/A,100
Oregon,950,Oregon,Josephine,37725,53.33,-100,100
Oregon,951,Oregon,Umatilla,18775,32.33,N/A,100
Oregon,953,Oregon,Klamath,20840,21.33,98,100
Oregon,956,Oregon,Jackson,133708,25,N/A,0
Oregon,965,Oregon,Marion,10520,53.5,N/A,100
Oregon,967,Oregon,Marion,10840,27,N/A,100
Oregon,971,Oregon,Lane,235155,27.33,-90,100
Oregon,929,Oregon,Linn,57785,44.67,455,100
Oregon,930,Oregon,Clatsop,11326,30.33,N/A,0
Oregon,944,Oregon,Washington,9900,30,N/A,100
Oregon,957,Oregon,Coos,9975,54.33,N/A,100
Oregon,958,Oregon,Malheur,12000,34.5,N/A,100
Oregon,966,Oregon,Columbia,13739,74.33,-91,100
Oregon,2801,Oregon,Tillamook,27748,42.67,154,100
Oregon,469,Oregon,Jackson,21105,34,-95,100
Oregon,933,Oregon,Clackamas,14206,47,-99,100
Oregon,937,Oregon,Lincoln,8865,54.33,20919,100
Oregon,939,Oregon,Lincoln,10400,48.67,-98,100
Oregon,941,Oregon,Marion,26273,62,790,100
Oregon,948,Oregon,Wasco,15276,87,N/A,100
Oregon,952,Oregon,Hood River,7800,N/A,N/A,N/A
Pennsylvania,2494,Pennsylvania,Butler,45000,22,-54,100
Pennsylvania,1366,Pennsylvania,Dauphin,125000,47,101,100
Pennsylvania,1366,Pennsylvania,Dauphin,125000,N/A,N/A,N/A
Pennsylvania,1455,Pennsylvania,Delaware,6800,69.8,-76,100
Pennsylvania,1533,Pennsylvania,Centre,90000,44.14,-44,100
Pennsylvania,1553,Pennsylvania,Mckean,14194,N/A,N/A,N/A
Pennsylvania,1554,Pennsylvania,Mercer,16000,38.4,-37,25
Pennsylvania,2216,ph,Philadelphia,1004057,79.8,17,100
Pennsylvania,2364,Pennsylvania,Allegheny,7000,19,167,100
Pennsylvania,2365,Pennsylvania,Allegheny,48000,11.75,-15,100
Pennsylvania,2367,Pennsylvania,Allegheny,5191,39.75,33703,67
Pennsylvania,2368,Pennsylvania,Allegheny,43482,24.25,-67,100
Pennsylvania,1667,Pennsylvania,Dauphin,125000,65,2,100
Pennsylvania,1083,Pennsylvania,Montgomery,13000,47.5,-92,100
Pennsylvania,1368,Pennsylvania,Westmoreland; Armstrong,34200,34,-98,50
Pennsylvania,1376,Pennsylvania,Westmoreland,4600,43,-100,50
Pennsylvania,1390,Pennsylvania,Monroe,25000,30,773,50
Pennsylvania,1553,Pennsylvania,Mckean,14194,57,10,100
Pennsylvania,1777,Pennsylvania,Monroe,4000,69.2,109,100
Pennsylvania,2307,Pennsylvania,Montgomery,35000,71,-94,100
Pennsylvania,2308,Pennsylvania,Montgomery,8900,64.4,N/A,100
Pennsylvania,2329,Pennsylvania,Montgomery,35000,87.25,N/A,100
Pennsylvania,2362,Pennsylvania,Allegheny,900000,24.25,96,100
Pennsylvania,2788,Pennsylvania,Montgomery,25000,N/A,N/A,N/A
Pennsylvania,2929,Pennsylvania,Jefferson,8255,33.25,-15,25
Pennsylvania,1737,Pennsylvania,Delaware,220000,38.17,42,100
Pennsylvania,2830,Pennsylvania,Bucks; Northampton,55000,27.2,99,100
Pennsylvania,1357,Pennsylvania,Montgomery,30000,59.8,-15,100
Pennsylvania,1376,Pennsylvania,Westmoreland,4600,N/A,N/A,N/A
Pennsylvania,1390,Pennsylvania,Monroe,25000,N/A,N/A,N/A
Pennsylvania,1529,Pennsylvania,Indiana,30000,34,-93,50
Pennsylvania,1776,Pennsylvania,Trumbull; Mercer,19000,45.4,-94,67
Pennsylvania,1776,Pennsylvania,Trumbull; Mercer,19000,N/A,N/A,N/A
Pennsylvania,1787,Pennsylvania,Chester,10500,42,337,100
Pennsylvania,1787,Pennsylvania,Chester,10500,N/A,N/A,N/A
Pennsylvania,2217,ph,Philadelphia,291524,N/A,N/A,N/A
Pennsylvania,2218,ph,Philadelphia,517309,N/A,N/A,N/A
Pennsylvania,2363,Pennsylvania,Montgomery,16000,56.6,479,100
Pennsylvania,2667,Pennsylvania,Montgomery,13000,52,-98,100
Pennsylvania,1358,Pennsylvania,Cumberland,25000,55.6,-79,100
Pennsylvania,1359,Pennsylvania,Erie,200000,69,-98,75
Pennsylvania,1367,Pennsylvania,Franklin,67000,69.8,-73,100
Pennsylvania,1370,Pennsylvania,Lehigh,200000,70.4,-91,100
Pennsylvania,1375,Pennsylvania,York,85000,45.2,-80,100
Pennsylvania,1375,Pennsylvania,York,85000,N/A,N/A,N/A
Pennsylvania,1775,Pennsylvania,Lackawanna,15700,35,-87,75
Pennsylvania,1809,Pennsylvania,Chester,13500,73,-72,100
Rhode Island,2826,Rhode Island,Washington,5000,33.2,-96,80
Rhode Island,2854,Rhode Island,Bristol,11500,19,532,100
Rhode Island,2785,Rhode Island,Newport,41600,29.4,-2,100
Rhode Island,464,Rhode Island,Providence,240000,52.4,-4,100
Rhode Island,2856,Rhode Island,Bristol,21100,36,-90,100
Rhode Island,2839,Rhode Island,Worcester; Providence; Norfolk,43000,32.2,-96,100
Rhode Island,2891,Rhode Island,Kent,30000,35.8,67,100
Rhode Island,2786,Rhode Island,Washington,16500,58.4,-5,100
Rhode Island,76,Rhode Island,Providence,9700,39.6,-23,100
Rhode Island,1134,Rhode Island,Kent,60224,35.6,-11,100
Rhode Island,548,Rhode Island,Providence,120000,48.8,2,100
South Carolina,2742,South Carolina,Lancaster,10000,73.4,-96,100
South Carolina,2821,South Carolina,Marion,10000,45.2,-93,75
South Carolina,2939,South Carolina,Hampton,5000,47.4,156,100
South Carolina,877,South Carolina,Kershaw,8825,69.2,2172,100
South Carolina,883,South Carolina,York,88000,92,74,100
South Carolina,885,South Carolina,Georgetown,30000,67.75,49,100
South Carolina,909,South Carolina,Horry,195000,77.33,-99,100
South Carolina,2676,South Carolina,Greenwood,12000,72.33,163,100
South Carolina,1871,South Carolina,Beaufort,20000,73.33,177,100
South Carolina,2818,South Carolina,Horry,20000,52.4,3450,100
South Carolina,2820,South Carolina,Marion,14000,61.4,15,100
South Carolina,2822,South Carolina,Dorchester; Berkeley; Charleston,140000,57.2,140,100
South Carolina,908,South Carolina,Richland,60000,45.2,-46,75
South Carolina,2677,South Carolina,Greenwood,48000,57,-14,100
South Carolina,2782,South Carolina,Richland; Lexington,11399,54,17,100
South Carolina,2836,South Carolina,Jasper,10000,47.33,9784,50
South Carolina,2872,South Carolina,Horry,30000,52,-36,100
South Carolina,2634,South Carolina,Georgetown,12000,66.67,-9,100
South Carolina,2819,South Carolina,Columbus; Horry,3200,59.4,-40,100
South Carolina,2823,South Carolina,Horry,38000,62,525,100
South Carolina,2835,South Carolina,Marlboro,6427,66,-15,100
South Carolina,906,South Carolina,Lexington,40000,30,61,100
South Dakota,2606,South Dakota,Yankton,20000,27.14,-13,100
South Dakota,2630,South Dakota,Beadle,14000,73.5,-41,100
Tennessee,2288,Tennessee,Walker; Dade; Catoosa; Hamilton,400000,56.43,3,100
Tennessee,2612,Tennessee,Shelby,300000,73,-5,100
Texas,1140,Texas,Travis,539116,47.2,47,100
Texas,2661,Texas,Webb,30000,50.25,-3,100
Texas,2850,Texas,Dallas,131391,72.6,413,100
Texas,1934,Texas,Mclennan,203344,57.2,108,100
Texas,2374,Texas,Andrews,13502,72.25,-5,100
Texas,2807,Texas,Jefferson,112193,55.5,-82,100
Texas,2811,Texas,Hardin,34000,25.6,-100,50
Texas,2814,Texas,Nueces,158298,19.6,10,100
Texas,2817,Texas,Tarrant,1000000,42,352,100
Texas,35,Houston,Harris,551150,86.5,-73,100
Texas,40,Houston,Harris,117968,77,103,100
Texas,2325,Texas,Dallas,270000,42.71,-6,100
Texas,2642,Texas,Webb,140000,49.25,283,100
Texas,2663,Texas,Webb,120000,50.25,2640,100
Texas,2850,Texas,Dallas,105158,64.2,282,100
Texas,2850,Texas,Dallas,9079,82.4,116,100
Texas,201,Houston,Harris,124000,74.33,6463,100
Texas,2816,Texas,Victoria,65800,38.2,498,100
Texas,2833,Texas,Hidalgo,70000,35.2,-74,100
Texas,2868,Texas,Smith,9284,N/A,N/A,N/A
Texas,2921,Texas,Hidalgo,16782,53,2147483647,100
Texas,449,Houston,Harris,8610,66.67,-3,100
Texas,1683,Texas,Dallas,186000,66.86,28,100
Texas,1141,Texas,Travis,529541,46.2,52,100
Texas,2751,Texas,Dallas,242000,64.5,8,100
Texas,2850,Texas,Dallas; Kaufman; Collin,370000,86.2,75,100
Texas,2850,Texas,Dallas,2600000,89,314,100
Texas,2808,Texas,Hays,18000,13,261,100
Texas,2810,Texas,Taylor,125000,54.4,3650,100
Texas,2857,Texas,Gregg,82103,N/A,N/A,N/A
Texas,2866,Texas,Gregg,13000,N/A,N/A,N/A
Texas,2867,Texas,Henderson,13503,27.5,5112,100
Texas,2894,Texas,Brazos,58250,26.4,497,75
Texas,2949,Texas,Denton,166774,new site,640,100
Texas,375,Houston,Harris,293227,7.67,805,100
Texas,1761,Texas,Potter; Randall,60000,66,0,100
Texas,1762,Texas,Potter; Randall,140000,64.86,9,100
Texas,1881,Texas,Cooke,17300,63,-5,100
Texas,1947,Texas,Montgomery,65000,26.14,2,100
Texas,2326,Texas,Dallas,630000,39.29,-9,100
Texas,865,Texas,Webb,120000,24.83,25,100
Texas,867,Texas,Webb,140000,13.83,-22,60
Texas,2666,Texas,Galveston,115000,41.8,55,100
Texas,2673,Texas,Galveston,115000,39.75,1977,100
Texas,2689,Texas,Galveston,15000,62.6,139,100
Texas,2850,Texas,Dallas,22191,85.4,-79,100
Texas,2850,Texas,Dallas,313164,73.6,2159,100
Texas,2815,Texas,Anderson,19372,15,-73,100
Texas,2859,Texas,Smith,43686,N/A,N/A,N/A
Texas,1673,Texas,Dallas,200000,63,-5,100
Texas,1765,Texas,Wichita,90000,45,-15,100
Texas,1948,Texas,Montgomery,70000,21.71,-1,83
Texas,2615,Texas,Dallas,421700,66.8,23,100
Utah,10,Utah,Cache,9095,74,-25,100
Utah,15,Utah,Grand; San Juan,9896,41,-49,100
Utah,18,Utah,Utah,102624,28,341,100
Utah,19,Utah,Carbon,17312,49,184,100
Utah,22,Utah,Summit,23839,79.5,2213,100
Utah,26,Utah,Utah,53313,50,-31,100
Utah,33,Utah,Utah,253112,51,-20,100
Utah,9,Utah,Davis; Weber,208850,38,-48,100
Utah,1708,Utah,Utah,115000,32.6,8,100
Utah,1877,Utah,Salt Lake,600000,33.71,0,100
Utah,1077,Utah,Wasatch,5806,44.25,496,100
Utah,11,Utah,Utah; Salt Lake,94484,50,298,100
Utah,12,Utah,Cache,94005,65.25,199,100
Utah,16,Utah,Weber; Davis,228700,42.5,-20,100
Utah,20,Utah,Utah,21231,20.5,-6,100
Utah,21,Utah,Duchesne,6790,10.4,0,0
Utah,24,Utah,Davis,84981,42.25,7,100
Utah,25,Utah,Davis,21872,53,-64,100
Utah,28,Utah,Salt Lake,209645,28.25,18,100
Utah,2,Utah,Uintah,29513,14.5,7,100
Utah,5,Utah,Iron,32451,9.25,1,100
Utah,31,Utah,Utah,35840,37,560,100
Utah,32,Utah,Tooele,36244,39.75,-21,100
Utah,7,Utah,Salt Lake,515494,37.25,-21,100
Utah,1077,Utah,Wasatch,19936,43.25,727,100
Utah,11,Utah,Salt Lake,89507,41.75,48,100
Utah,17,Utah,Utah,112901,33,341,100
Utah,1,Utah,Washington,24970,25,362,100
Utah,23,Utah,Summit,7995,63.75,311,100
Utah,27,Utah,Washington,92047,41.25,69,100
Utah,29,Utah,Utah,12510,56.75,-23,100
Utah,30,Utah,Salt Lake,254971,19.5,229,100
Utah,34,Utah,Box Elder,12451,16.75,582,67
Utah,3,Utah,Box Elder,21443,33.75,175,100
Utah,6,Utah,Davis,64533,32.25,7,100
Vermont,2853,Vermont,Addison,9000,81,-55,100
Vermont,2657,Vermont,Windsor,6000,37,-91,75
Vermont,2599,Vermont,Chittenden,30000,44.43,-4,100
Vermont,2613,Vermont,Washington,10100,46.71,3,100
Vermont,2108,Vermont,Chittenden,16000,22.75,6,100
Virginia,2648,Virginia,Martinsville City; Henry,63000,59.5,-74,100
Virginia,1237,Virginia,Tazewell,4600,N/A,N/A,N/A
Virginia,177,Virginia,Chesapeake City; Virginia Beach City,530848,55.5,246,100
Virginia,178,Virginia,Isle Of Wight; Suffolk City; Chesapeake City; Portsmouth City,197608,66,-79,100
Virginia,1829,Virginia,Amherst; Lynchburg City; Campbell; Bedford City,220000,57.5,-99,50
Virginia,2035,Virginia,Hampton City; Newport News City,118497,80,1834,100
Virginia,2036,Virginia,James City; York; Hampton City; Newport News City,141543,45.5,-17,100
Virginia,38,Virginia,Alexandria City; Fairfax,300000,31.4,3,100
Virginia,61,Virginia,Montgomery,52500,29.5,-84,67
Virginia,2491,Virginia,Frederick; Winchester City,60000,73.4,-73,100
Virginia,1576,Virginia,Loudoun,300000,N/A,N/A,N/A
Virginia,181,Virginia,Williamsburg City; Newport News City; York; New Kent; James City,69059,68.5,-19,100
Virginia,1826,Virginia,Wise; Norton City,14000,36.2,89,25
Virginia,1831,Virginia,Rockingham; Harrisonburg City,81000,52.4,628,50
Virginia,1833,Virginia,Montgomery; Pulaski; Radford,70000,47,-46,75
Virginia,1834,Virginia,Bedford City; Roanoke; Roanoke City; Salem; Botetourt; Bland,300000,32.4,-85,50
Virginia,1837,Virginia,Russell,3100,43.67,-52,0
Virginia,1985,Virginia,Alleghany,4000,59.2,975,25
Virginia,2078,Virginia,Fairfax; Falls Church City; Arlington; Alexandria City,232965,46.75,128,100
Virginia,2290,Virginia,Henrico,330000,68.33,-6,100
Virginia,1828,Virginia,Stafford,50000,81.67,8,100
Virginia,2483,Virginia,Petersburg City,33458,34.5,194,100
Virginia,2695,Virginia,Alleghany,15000,20.33,12739,50
Virginia,180,Virginia,Chesapeake City; Virginia Beach City; Norfolk City; Portsmouth City,192347,41.33,-82,50
Virginia,1827,Virginia,Prince William; Fairfax,165901,47,-80,100
Virginia,1828,Virginia,Stafford,44000,75,824,100
Virginia,1832,Virginia,Frederick,16563,new site,N/A,100
Virginia,1838,Virginia,Manassas City; Fairfax City; Fauquier; Fairfax; Prince William; Loudoun; Manassas Park City,350000,42.67,5001,50
Virginia,2037,Virginia,Mathews; York; Gloucester; Poquoson City; Newport News City; Hampton City,99112,76,168,100
Virginia,42,Virginia,Prince William; Stafford,92000,34.67,158,100
Virginia,2008,Virginia,Stafford,100000,83,-7,100
Virginia,1830,Virginia,Albemarle; Charlottesville City,118266,44.5,-44,100
Virginia,1832,Virginia,Frederick,16563,43.25,44037,67
Virginia,2029,Virginia,Franklin,5000,31.8,-95,50
Virginia,2034,Virginia,Norfolk City,78322,80.67,40,100
Virginia,2485,Virginia,Cumberland; Prince Edward,12390,59,-100,50
Virginia,342,Virginia,Goochland; Henrico; Richmond City,225000,29.67,N/A,0
Virginia,454,Virginia,Washington,7300,66,-99,50
Washington,1076,Washington,Chelan,35550,57,389,100
Washington,1143,Washington,Pierce,43000,34.2,-96,100
Washington,1397,Washington,Pierce,295855,38.8,2384,100
Washington,1635,Washington,Yakima,117072,25.8,17811,100
Washington,2419,Washington,Pierce; King,896000,35,79,100
Washington,2445,Washington,Skagit,35600,58.8,47,100
Washington,2753,Washington,Island; Snohomish,7125,75,11,100
Washington,351,Washington,Clark,120000,41.6,-97,100
Washington,676,Washington,King; Snohomish,288000,40.2,96,100
Washington,2602,Washington,Snohomish,10150,40.71,-41,86
Washington,1398,Washington,Grant,8475,18,N/A,100
Washington,2104,Washington,Kittitas,21761,59.2,57,100
Washington,2105,Washington,Island,24180,38,-100,100
Washington,2414,Washington,Snohomish,20000,35,258,100
Washington,2424,Washington,Skagit,17000,N/A,N/A,N/A
Washington,2438,Washington,Clark,162100,45.8,-12,100
Washington,2444,Washington,Snohomish,173800,57.5,-66,100
Washington,2534,Washington,Clark,81140,40.4,-91,100
Washington,755,Washington,Benton,15000,N/A,N/A,N/A
Washington,760,Washington,Spokane,120000,35.4,N/A,100
Washington,1399,Washington,Jefferson,10000,29,141,100
Washington,1620,Washington,Walla Walla,33000,55,7209,100
Washington,2420,Washington,King; Snohomish,789000,38.75,55,100
Washington,753,Washington,Franklin,73000,25.8,120,100
Washington,1512,Washington,Whitman,35812,5.8,16,0
Washington,1757,Washington,Thurston,119790,30.6,N/A,100
Washington,661,Washington,Snohomish,37650,28.2,-97,100
Washington,759,Washington,Spokane,225000,35.43,-91,100
West Virginia,1860,West Virginia,Kanawha,9000,N/A,N/A,N/A
West Virginia,1863,West Virginia,Cabell,7000,N/A,N/A,N/A
West Virginia,1864,West Virginia,Cabell,7200,N/A,N/A,N/A
West Virginia,2541,West Virginia,Preston,700,N/A,N/A,N/A
West Virginia,2544,West Virginia,Jefferson,17000,N/A,N/A,N/A
West Virginia,2547,West Virginia,Randolph,13156,N/A,N/A,N/A
West Virginia,2550,West Virginia,Mineral,8168,N/A,N/A,N/A
West Virginia,2553,West Virginia,Marshall,12000,N/A,N/A,N/A
West Virginia,2555,West Virginia,Mason,5515,N/A,N/A,N/A
West Virginia,2556,West Virginia,Mercer,36000,N/A,N/A,N/A
West Virginia,2562,West Virginia,Ohio,50000,N/A,N/A,N/A
West Virginia,2604,West Virginia,Ohio,100000,32.14,-2,100
West Virginia,1861,West Virginia,Wayne; Cabell,56000,N/A,N/A,N/A
West Virginia,2545,West Virginia,Monongalia,2000,N/A,N/A,N/A
West Virginia,2646,West Virginia,Putnam,4900,N/A,N/A,N/A
West Virginia,2067,West Virginia,Taylor,6071,N/A,N/A,N/A
West Virginia,2546,West Virginia,Harrison,26498,N/A,N/A,N/A
West Virginia,2552,West Virginia,Marion,1091,N/A,N/A,N/A
West Virginia,2557,West Virginia,Pleasants,2892,N/A,N/A,N/A
West Virginia,2563,West Virginia,Fayette,2626,N/A,N/A,N/A
West Virginia,91,West Virginia,Kanawha,49500,N/A,N/A,N/A
West Virginia,1418,West Virginia,Marion,610,N/A,N/A,N/A
West Virginia,1865,West Virginia,Cabell,4050,N/A,N/A,N/A
West Virginia,2551,West Virginia,Boone,4555,N/A,N/A,N/A
West Virginia,2554,West Virginia,Wood,48050,N/A,N/A,N/A
West Virginia,2558,West Virginia,Monongalia,48328,N/A,N/A,N/A
West Virginia,2560,West Virginia,Doddridge,564,N/A,N/A,N/A
Wisconsin,128,Wisconsin,Brown,43000,41.8,-99,67
Wisconsin,164,Wisconsin,Brown; Kewaunee,189000,45.6,-38,100
Wisconsin,1851,Wisconsin,Walworth,30000,75.6,39,100
Wisconsin,189,Wisconsin,Rock,63500,71.8,-99,100
Wisconsin,203,Wisconsin,Kenosha,122000,65.2,85,100
Wisconsin,209,Wisconsin,La Crosse,85000,52.6,-65,75
Wisconsin,246,Wisconsin,Dunn,16000,71.67,-99,100
Wisconsin,248,Wisconsin,Lincoln,9700,73,-24,100
Wisconsin,2499,Wisconsin,Fond Du Lac,65000,49.4,-73,100
Wisconsin,256,Wisconsin,Ozaukee; Milwaukee,470007,63.2,-53,100
Wisconsin,257,Wisconsin,Waukesha; Milwaukee; Racine; Washington; Ozaukee,615934,39,217,100
Wisconsin,302,Wisconsin,Winnebago,78300,65,-56,100
Wisconsin,41,Wisconsin,Outagamie; Winnebago; Calumet,72810,53.2,437,100
Wisconsin,433,Wisconsin,Marathon,42350,58,120,100
Wisconsin,153,Wisconsin,Waukesha,51000,41.8,-69,100
Wisconsin,172,Wisconsin,Washington; Dodge,16000,61,-52,100
Wisconsin,223,Wisconsin,Columbia,3100,22.67,-13,0
Wisconsin,243,Wisconsin,Juneau,4400,61.67,N/A,100
Wisconsin,260,Wisconsin,Green,11000,30,108,67
Wisconsin,2747,Wisconsin,Grant,4264,52.5,55,67
Wisconsin,297,Wisconsin,Jefferson; Waukesha,22000,51.6,336,100
Wisconsin,325,Wisconsin,Columbia,11000,50,-54,75
Wisconsin,389,Wisconsin,Portage,27000,N/A,N/A,N/A
Wisconsin,392,Wisconsin,Douglas,28000,41.6,83,100
Wisconsin,432,Wisconsin,Waupaca,8000,42,279,100
Wisconsin,136,Wisconsin,Chippewa; Eau Claire,77714,55.6,-87,100
Wisconsin,182,Wisconsin,Saint Croix,19680,46.2,96,100
Wisconsin,231,Wisconsin,Dane,391815,38.54,-16,100
Wisconsin,236,Wisconsin,Marinette,11000,50.33,25123,50
Wisconsin,239,Wisconsin,Marathon; Wood,19300,61.6,-8,100
Wisconsin,313,Wisconsin,Marinette,3500,59.4,41,100
Wisconsin,344,Wisconsin,Saint Croix; Pierce,15900,43.67,-60,100
Wisconsin,420,Wisconsin,Vernon,4400,17.75,119,0
Wisconsin,44,Wisconsin,Ashland,8200,76.67,N/A,100
Wisconsin,60,Wisconsin,Jackson,5000,48.8,-47,100
Wisconsin,696,Wisconsin,Jefferson; Dodge,23660,71.8,-72,100
Wisconsin,1277,Wisconsin,Dane,424000,59.2,-59,100
Wisconsin,1029,Wisconsin,Dane,10757,57.2,-65,100
Wisconsin,115,Wisconsin,Waupaca,4500,37.2,1257,67
Wisconsin,232,Wisconsin,Manitowoc,34500,47.2,-95,100
Wisconsin,364,Wisconsin,Sheboygan,70000,63.6,-60,100
Wisconsin,2621,Wisconsin,Marathon,44000,61.86,16,100
Wyoming,2502,Wyoming,Sheridan,18000,29,501,100
Wyoming,2625,Wyoming,Laramie,74600,17.67,181,100
Wyoming,2626,Wyoming,Sweetwater,12000,12,1694,100
Wyoming,2627,Wyoming,Carbon,8298,8.5,-94,100
Wyoming,2628,Wyoming,Sheridan,19000,29.5,2567,100
Wyoming,2721,Wyoming,Albany,32363,N/A,N/A,N/A
Wyoming,2732,Wyoming,Sweetwater,32000,N/A,N/A,N/A
Wyoming,2476,Wyoming,Teton,13000,22.6,612,100
Wyoming,2740,Wyoming,Teton,20000,N/A,N/A,N/A
Wyoming,2855,Wyoming,Sweetwater,32000,N/A,N/A,N/A
